[0.000000] (-) TimerEvent: {}
[0.013528] (turtlebot3_controller) JobQueued: {'identifier': 'turtlebot3_controller', 'dependencies': OrderedDict()}
[0.013588] (turtlebot3_fake_node) JobQueued: {'identifier': 'turtlebot3_fake_node', 'dependencies': OrderedDict()}
[0.013602] (turtlebot3_gazebo) JobQueued: {'identifier': 'turtlebot3_gazebo', 'dependencies': OrderedDict()}
[0.013614] (turtlebot3_simulations) JobQueued: {'identifier': 'turtlebot3_simulations', 'dependencies': OrderedDict([('turtlebot3_fake_node', '/home/patrick/ENAE450_tb_ws/install/turtlebot3_fake_node'), ('turtlebot3_gazebo', '/home/patrick/ENAE450_tb_ws/install/turtlebot3_gazebo')])}
[0.013633] (turtlebot3_fake_node) JobStarted: {'identifier': 'turtlebot3_fake_node'}
[0.034183] (turtlebot3_gazebo) JobStarted: {'identifier': 'turtlebot3_gazebo'}
[0.049859] (turtlebot3_fake_node) JobProgress: {'identifier': 'turtlebot3_fake_node', 'progress': 'cmake'}
[0.049942] (turtlebot3_fake_node) Command: {'cmd': ['/usr/bin/cmake', '/home/patrick/ENAE450_tb_ws/src/turtlebot3_simulations/turtlebot3_fake_node', '-DCMAKE_INSTALL_PREFIX=/home/patrick/ENAE450_tb_ws/install/turtlebot3_fake_node'], 'cwd': '/home/patrick/ENAE450_tb_ws/build/turtlebot3_fake_node', 'env': OrderedDict([('LESSOPEN', '| /usr/bin/lesspipe %s'), ('USER', 'patrick'), ('XDG_SESSION_TYPE', 'wayland'), ('SHLVL', '1'), ('LD_LIBRARY_PATH', '/usr/lib/x86_64-linux-gnu/gazebo-11/plugins:/opt/ros/humble/opt/rviz_ogre_vendor/lib:/opt/ros/humble/lib/x86_64-linux-gnu:/opt/ros/humble/lib'), ('HOME', '/home/patrick'), ('OLDPWD', '/home/patrick/ENAE450_tb_ws/src'), ('DESKTOP_SESSION', 'ubuntu'), ('ROS_PYTHON_VERSION', '3'), ('GNOME_SHELL_SESSION_MODE', 'ubuntu'), ('GTK_MODULES', 'gail:atk-bridge'), ('SYSTEMD_EXEC_PID', '2684'), ('DBUS_SESSION_BUS_ADDRESS', 'unix:path=/run/user/1000/bus'), ('COLORTERM', 'truecolor'), ('IM_CONFIG_PHASE', '1'), ('WAYLAND_DISPLAY', 'wayland-0'), ('ROS_DISTRO', 'humble'), ('LOGNAME', 'patrick'), ('_', '/usr/bin/colcon'), ('ROS_VERSION', '2'), ('XDG_SESSION_CLASS', 'user'), ('USERNAME', 'patrick'), ('TERM', 'xterm-256color'), ('GNOME_DESKTOP_SESSION_ID', 'this-is-deprecated'), ('ROS_LOCALHOST_ONLY', '0'), ('PATH', '/opt/ros/humble/bin:/usr/local/sbin:/usr/local/bin:/usr/sbin:/usr/bin:/sbin:/bin:/usr/games:/usr/local/games:/snap/bin:/snap/bin'), ('SESSION_MANAGER', 'local/Ubuntu:@/tmp/.ICE-unix/2663,unix/Ubuntu:/tmp/.ICE-unix/2663'), ('XDG_MENU_PREFIX', 'gnome-'), ('GNOME_TERMINAL_SCREEN', '/org/gnome/Terminal/screen/c018a4df_a20a_4872_8584_f1078a2959dc'), ('GNOME_SETUP_DISPLAY', ':1'), ('XDG_RUNTIME_DIR', '/run/user/1000'), ('DISPLAY', ':0'), ('LANG', 'en_US.UTF-8'), ('XDG_CURRENT_DESKTOP', 'ubuntu:GNOME'), ('XMODIFIERS', '@im=ibus'), ('XDG_SESSION_DESKTOP', 'ubuntu'), ('XAUTHORITY', '/run/user/1000/.mutter-Xwaylandauth.9OLL52'), ('LS_COLORS', 'rs=0:di=01;34:ln=01;36:mh=00:pi=40;33:so=01;35:do=01;35:bd=40;33;01:cd=40;33;01:or=40;31;01:mi=00:su=37;41:sg=30;43:ca=30;41:tw=30;42:ow=34;42:st=37;44:ex=01;32:*.tar=01;31:*.tgz=01;31:*.arc=01;31:*.arj=01;31:*.taz=01;31:*.lha=01;31:*.lz4=01;31:*.lzh=01;31:*.lzma=01;31:*.tlz=01;31:*.txz=01;31:*.tzo=01;31:*.t7z=01;31:*.zip=01;31:*.z=01;31:*.dz=01;31:*.gz=01;31:*.lrz=01;31:*.lz=01;31:*.lzo=01;31:*.xz=01;31:*.zst=01;31:*.tzst=01;31:*.bz2=01;31:*.bz=01;31:*.tbz=01;31:*.tbz2=01;31:*.tz=01;31:*.deb=01;31:*.rpm=01;31:*.jar=01;31:*.war=01;31:*.ear=01;31:*.sar=01;31:*.rar=01;31:*.alz=01;31:*.ace=01;31:*.zoo=01;31:*.cpio=01;31:*.7z=01;31:*.rz=01;31:*.cab=01;31:*.wim=01;31:*.swm=01;31:*.dwm=01;31:*.esd=01;31:*.jpg=01;35:*.jpeg=01;35:*.mjpg=01;35:*.mjpeg=01;35:*.gif=01;35:*.bmp=01;35:*.pbm=01;35:*.pgm=01;35:*.ppm=01;35:*.tga=01;35:*.xbm=01;35:*.xpm=01;35:*.tif=01;35:*.tiff=01;35:*.png=01;35:*.svg=01;35:*.svgz=01;35:*.mng=01;35:*.pcx=01;35:*.mov=01;35:*.mpg=01;35:*.mpeg=01;35:*.m2v=01;35:*.mkv=01;35:*.webm=01;35:*.webp=01;35:*.ogm=01;35:*.mp4=01;35:*.m4v=01;35:*.mp4v=01;35:*.vob=01;35:*.qt=01;35:*.nuv=01;35:*.wmv=01;35:*.asf=01;35:*.rm=01;35:*.rmvb=01;35:*.flc=01;35:*.avi=01;35:*.fli=01;35:*.flv=01;35:*.gl=01;35:*.dl=01;35:*.xcf=01;35:*.xwd=01;35:*.yuv=01;35:*.cgm=01;35:*.emf=01;35:*.ogv=01;35:*.ogx=01;35:*.aac=00;36:*.au=00;36:*.flac=00;36:*.m4a=00;36:*.mid=00;36:*.midi=00;36:*.mka=00;36:*.mp3=00;36:*.mpc=00;36:*.ogg=00;36:*.ra=00;36:*.wav=00;36:*.oga=00;36:*.opus=00;36:*.spx=00;36:*.xspf=00;36:'), ('GNOME_TERMINAL_SERVICE', ':1.113'), ('SSH_AGENT_LAUNCHER', 'gnome-keyring'), ('SSH_AUTH_SOCK', '/run/user/1000/keyring/ssh'), ('ROS_DOMAIN_ID', '0'), ('AMENT_PREFIX_PATH', '/opt/ros/humble'), ('SHELL', '/bin/bash'), ('QT_ACCESSIBILITY', '1'), ('GDMSESSION', 'ubuntu'), ('LESSCLOSE', '/usr/bin/lesspipe %s %s'), ('QT_IM_MODULE', 'ibus'), ('PWD', '/home/patrick/ENAE450_tb_ws/build/turtlebot3_fake_node'), ('XDG_CONFIG_DIRS', '/etc/xdg/xdg-ubuntu:/etc/xdg'), ('XDG_DATA_DIRS', '/usr/share/ubuntu:/usr/local/share/:/usr/share/:/var/lib/snapd/desktop'), ('PYTHONPATH', '/opt/ros/humble/lib/python3.10/site-packages:/opt/ros/humble/local/lib/python3.10/dist-packages'), ('COLCON', '1'), ('VTE_VERSION', '6800'), ('CMAKE_PREFIX_PATH', '/opt/ros/humble')]), 'shell': False}
[0.064548] (turtlebot3_gazebo) JobProgress: {'identifier': 'turtlebot3_gazebo', 'progress': 'cmake'}
[0.064749] (turtlebot3_gazebo) Command: {'cmd': ['/usr/bin/cmake', '/home/patrick/ENAE450_tb_ws/src/turtlebot3_simulations/turtlebot3_gazebo', '-DCMAKE_INSTALL_PREFIX=/home/patrick/ENAE450_tb_ws/install/turtlebot3_gazebo'], 'cwd': '/home/patrick/ENAE450_tb_ws/build/turtlebot3_gazebo', 'env': OrderedDict([('LESSOPEN', '| /usr/bin/lesspipe %s'), ('USER', 'patrick'), ('XDG_SESSION_TYPE', 'wayland'), ('SHLVL', '1'), ('LD_LIBRARY_PATH', '/usr/lib/x86_64-linux-gnu/gazebo-11/plugins:/opt/ros/humble/opt/rviz_ogre_vendor/lib:/opt/ros/humble/lib/x86_64-linux-gnu:/opt/ros/humble/lib'), ('HOME', '/home/patrick'), ('OLDPWD', '/home/patrick/ENAE450_tb_ws/src'), ('DESKTOP_SESSION', 'ubuntu'), ('ROS_PYTHON_VERSION', '3'), ('GNOME_SHELL_SESSION_MODE', 'ubuntu'), ('GTK_MODULES', 'gail:atk-bridge'), ('SYSTEMD_EXEC_PID', '2684'), ('DBUS_SESSION_BUS_ADDRESS', 'unix:path=/run/user/1000/bus'), ('COLORTERM', 'truecolor'), ('IM_CONFIG_PHASE', '1'), ('WAYLAND_DISPLAY', 'wayland-0'), ('ROS_DISTRO', 'humble'), ('LOGNAME', 'patrick'), ('_', '/usr/bin/colcon'), ('ROS_VERSION', '2'), ('XDG_SESSION_CLASS', 'user'), ('USERNAME', 'patrick'), ('TERM', 'xterm-256color'), ('GNOME_DESKTOP_SESSION_ID', 'this-is-deprecated'), ('ROS_LOCALHOST_ONLY', '0'), ('PATH', '/opt/ros/humble/bin:/usr/local/sbin:/usr/local/bin:/usr/sbin:/usr/bin:/sbin:/bin:/usr/games:/usr/local/games:/snap/bin:/snap/bin'), ('SESSION_MANAGER', 'local/Ubuntu:@/tmp/.ICE-unix/2663,unix/Ubuntu:/tmp/.ICE-unix/2663'), ('XDG_MENU_PREFIX', 'gnome-'), ('GNOME_TERMINAL_SCREEN', '/org/gnome/Terminal/screen/c018a4df_a20a_4872_8584_f1078a2959dc'), ('GNOME_SETUP_DISPLAY', ':1'), ('XDG_RUNTIME_DIR', '/run/user/1000'), ('DISPLAY', ':0'), ('LANG', 'en_US.UTF-8'), ('XDG_CURRENT_DESKTOP', 'ubuntu:GNOME'), ('XMODIFIERS', '@im=ibus'), ('XDG_SESSION_DESKTOP', 'ubuntu'), ('XAUTHORITY', '/run/user/1000/.mutter-Xwaylandauth.9OLL52'), ('LS_COLORS', 'rs=0:di=01;34:ln=01;36:mh=00:pi=40;33:so=01;35:do=01;35:bd=40;33;01:cd=40;33;01:or=40;31;01:mi=00:su=37;41:sg=30;43:ca=30;41:tw=30;42:ow=34;42:st=37;44:ex=01;32:*.tar=01;31:*.tgz=01;31:*.arc=01;31:*.arj=01;31:*.taz=01;31:*.lha=01;31:*.lz4=01;31:*.lzh=01;31:*.lzma=01;31:*.tlz=01;31:*.txz=01;31:*.tzo=01;31:*.t7z=01;31:*.zip=01;31:*.z=01;31:*.dz=01;31:*.gz=01;31:*.lrz=01;31:*.lz=01;31:*.lzo=01;31:*.xz=01;31:*.zst=01;31:*.tzst=01;31:*.bz2=01;31:*.bz=01;31:*.tbz=01;31:*.tbz2=01;31:*.tz=01;31:*.deb=01;31:*.rpm=01;31:*.jar=01;31:*.war=01;31:*.ear=01;31:*.sar=01;31:*.rar=01;31:*.alz=01;31:*.ace=01;31:*.zoo=01;31:*.cpio=01;31:*.7z=01;31:*.rz=01;31:*.cab=01;31:*.wim=01;31:*.swm=01;31:*.dwm=01;31:*.esd=01;31:*.jpg=01;35:*.jpeg=01;35:*.mjpg=01;35:*.mjpeg=01;35:*.gif=01;35:*.bmp=01;35:*.pbm=01;35:*.pgm=01;35:*.ppm=01;35:*.tga=01;35:*.xbm=01;35:*.xpm=01;35:*.tif=01;35:*.tiff=01;35:*.png=01;35:*.svg=01;35:*.svgz=01;35:*.mng=01;35:*.pcx=01;35:*.mov=01;35:*.mpg=01;35:*.mpeg=01;35:*.m2v=01;35:*.mkv=01;35:*.webm=01;35:*.webp=01;35:*.ogm=01;35:*.mp4=01;35:*.m4v=01;35:*.mp4v=01;35:*.vob=01;35:*.qt=01;35:*.nuv=01;35:*.wmv=01;35:*.asf=01;35:*.rm=01;35:*.rmvb=01;35:*.flc=01;35:*.avi=01;35:*.fli=01;35:*.flv=01;35:*.gl=01;35:*.dl=01;35:*.xcf=01;35:*.xwd=01;35:*.yuv=01;35:*.cgm=01;35:*.emf=01;35:*.ogv=01;35:*.ogx=01;35:*.aac=00;36:*.au=00;36:*.flac=00;36:*.m4a=00;36:*.mid=00;36:*.midi=00;36:*.mka=00;36:*.mp3=00;36:*.mpc=00;36:*.ogg=00;36:*.ra=00;36:*.wav=00;36:*.oga=00;36:*.opus=00;36:*.spx=00;36:*.xspf=00;36:'), ('GNOME_TERMINAL_SERVICE', ':1.113'), ('SSH_AGENT_LAUNCHER', 'gnome-keyring'), ('SSH_AUTH_SOCK', '/run/user/1000/keyring/ssh'), ('ROS_DOMAIN_ID', '0'), ('AMENT_PREFIX_PATH', '/opt/ros/humble'), ('SHELL', '/bin/bash'), ('QT_ACCESSIBILITY', '1'), ('GDMSESSION', 'ubuntu'), ('LESSCLOSE', '/usr/bin/lesspipe %s %s'), ('QT_IM_MODULE', 'ibus'), ('PWD', '/home/patrick/ENAE450_tb_ws/build/turtlebot3_gazebo'), ('XDG_CONFIG_DIRS', '/etc/xdg/xdg-ubuntu:/etc/xdg'), ('XDG_DATA_DIRS', '/usr/share/ubuntu:/usr/local/share/:/usr/share/:/var/lib/snapd/desktop'), ('PYTHONPATH', '/opt/ros/humble/lib/python3.10/site-packages:/opt/ros/humble/local/lib/python3.10/dist-packages'), ('COLCON', '1'), ('VTE_VERSION', '6800'), ('CMAKE_PREFIX_PATH', '/opt/ros/humble')]), 'shell': False}
[0.098008] (-) TimerEvent: {}
[0.163362] (turtlebot3_fake_node) StdoutLine: {'line': b'-- The C compiler identification is GNU 11.4.0\n'}
[0.169487] (turtlebot3_gazebo) StdoutLine: {'line': b'-- The C compiler identification is GNU 11.4.0\n'}
[0.198959] (-) TimerEvent: {}
[0.278024] (turtlebot3_fake_node) StdoutLine: {'line': b'-- The CXX compiler identification is GNU 11.4.0\n'}
[0.288344] (turtlebot3_fake_node) StdoutLine: {'line': b'-- Detecting C compiler ABI info\n'}
[0.299751] (-) TimerEvent: {}
[0.304427] (turtlebot3_gazebo) StdoutLine: {'line': b'-- The CXX compiler identification is GNU 11.4.0\n'}
[0.316991] (turtlebot3_gazebo) StdoutLine: {'line': b'-- Detecting C compiler ABI info\n'}
[0.402672] (-) TimerEvent: {}
[0.464527] (turtlebot3_gazebo) StdoutLine: {'line': b'-- Detecting C compiler ABI info - done\n'}
[0.474006] (turtlebot3_fake_node) StdoutLine: {'line': b'-- Detecting C compiler ABI info - done\n'}
[0.474709] (turtlebot3_gazebo) StdoutLine: {'line': b'-- Check for working C compiler: /usr/bin/cc - skipped\n'}
[0.475437] (turtlebot3_gazebo) StdoutLine: {'line': b'-- Detecting C compile features\n'}
[0.476683] (turtlebot3_gazebo) StdoutLine: {'line': b'-- Detecting C compile features - done\n'}
[0.479210] (turtlebot3_fake_node) StdoutLine: {'line': b'-- Check for working C compiler: /usr/bin/cc - skipped\n'}
[0.479332] (turtlebot3_gazebo) StdoutLine: {'line': b'-- Detecting CXX compiler ABI info\n'}
[0.479569] (turtlebot3_fake_node) StdoutLine: {'line': b'-- Detecting C compile features\n'}
[0.480099] (turtlebot3_fake_node) StdoutLine: {'line': b'-- Detecting C compile features - done\n'}
[0.486344] (turtlebot3_fake_node) StdoutLine: {'line': b'-- Detecting CXX compiler ABI info\n'}
[0.505410] (-) TimerEvent: {}
[0.609494] (-) TimerEvent: {}
[0.621822] (turtlebot3_gazebo) StdoutLine: {'line': b'-- Detecting CXX compiler ABI info - done\n'}
[0.633960] (turtlebot3_fake_node) StdoutLine: {'line': b'-- Detecting CXX compiler ABI info - done\n'}
[0.634686] (turtlebot3_gazebo) StdoutLine: {'line': b'-- Check for working CXX compiler: /usr/bin/c++ - skipped\n'}
[0.634794] (turtlebot3_gazebo) StdoutLine: {'line': b'-- Detecting CXX compile features\n'}
[0.635383] (turtlebot3_gazebo) StdoutLine: {'line': b'-- Detecting CXX compile features - done\n'}
[0.638713] (turtlebot3_gazebo) StdoutLine: {'line': b'-- Found ament_cmake: 1.3.11 (/opt/ros/humble/share/ament_cmake/cmake)\n'}
[0.648765] (turtlebot3_fake_node) StdoutLine: {'line': b'-- Check for working CXX compiler: /usr/bin/c++ - skipped\n'}
[0.649087] (turtlebot3_fake_node) StdoutLine: {'line': b'-- Detecting CXX compile features\n'}
[0.649152] (turtlebot3_fake_node) StdoutLine: {'line': b'-- Detecting CXX compile features - done\n'}
[0.649200] (turtlebot3_fake_node) StdoutLine: {'line': b'-- Found ament_cmake: 1.3.11 (/opt/ros/humble/share/ament_cmake/cmake)\n'}
[0.710775] (-) TimerEvent: {}
[0.814726] (-) TimerEvent: {}
[0.838248] (turtlebot3_gazebo) StdoutLine: {'line': b'-- Found Python3: /usr/bin/python3 (found version "3.10.12") found components: Interpreter \n'}
[0.843054] (turtlebot3_fake_node) StdoutLine: {'line': b'-- Found Python3: /usr/bin/python3 (found version "3.10.12") found components: Interpreter \n'}
[0.920113] (-) TimerEvent: {}
[0.944267] (turtlebot3_fake_node) StdoutLine: {'line': b'-- Found geometry_msgs: 4.2.4 (/opt/ros/humble/share/geometry_msgs/cmake)\n'}
[0.966729] (turtlebot3_gazebo) StderrLine: {'line': b'\x1b[33mCMake Warning (dev) at /usr/share/cmake-3.22/Modules/FindPackageHandleStandardArgs.cmake:438 (message):\n'}
[0.966999] (turtlebot3_gazebo) StderrLine: {'line': b'  The package name passed to `find_package_handle_standard_args` (PkgConfig)\n'}
[0.967142] (turtlebot3_gazebo) StderrLine: {'line': b'  does not match the name of the calling package (gazebo).  This can lead to\n'}
[0.967288] (turtlebot3_gazebo) StderrLine: {'line': b'  problems in calling code that expects `find_package` result variables\n'}
[0.967401] (turtlebot3_gazebo) StderrLine: {'line': b'  (e.g., `_FOUND`) to follow a certain pattern.\n'}
[0.967547] (turtlebot3_gazebo) StderrLine: {'line': b'Call Stack (most recent call first):\n'}
[0.967702] (turtlebot3_gazebo) StderrLine: {'line': b'  /usr/share/cmake-3.22/Modules/FindPkgConfig.cmake:99 (find_package_handle_standard_args)\n'}
[0.967843] (turtlebot3_gazebo) StderrLine: {'line': b'  /usr/lib/x86_64-linux-gnu/cmake/gazebo/gazebo-config.cmake:72 (include)\n'}
[0.967908] (turtlebot3_gazebo) StderrLine: {'line': b'  CMakeLists.txt:23 (find_package)\n'}
[0.967953] (turtlebot3_gazebo) StderrLine: {'line': b'This warning is for project developers.  Use -Wno-dev to suppress it.\n'}
[0.967997] (turtlebot3_gazebo) StderrLine: {'line': b'\x1b[0m\n'}
[0.968259] (turtlebot3_gazebo) StdoutLine: {'line': b'-- Found PkgConfig: /usr/bin/pkg-config (found version "0.29.2") \n'}
[0.974123] (turtlebot3_gazebo) StdoutLine: {'line': b"-- Checking for module 'bullet>=2.82'\n"}
[0.997328] (turtlebot3_fake_node) StdoutLine: {'line': b'-- Found rosidl_generator_c: 3.1.6 (/opt/ros/humble/share/rosidl_generator_c/cmake)\n'}
[1.002812] (turtlebot3_gazebo) StdoutLine: {'line': b'--   Found bullet, version 3.05\n'}
[1.005458] (turtlebot3_fake_node) StdoutLine: {'line': b'-- Found rosidl_adapter: 3.1.6 (/opt/ros/humble/share/rosidl_adapter/cmake)\n'}
[1.015965] (turtlebot3_fake_node) StdoutLine: {'line': b'-- Found rosidl_generator_cpp: 3.1.6 (/opt/ros/humble/share/rosidl_generator_cpp/cmake)\n'}
[1.021643] (-) TimerEvent: {}
[1.032762] (turtlebot3_fake_node) StdoutLine: {'line': b'-- Using all available rosidl_typesupport_c: rosidl_typesupport_fastrtps_c;rosidl_typesupport_introspection_c\n'}
[1.057176] (turtlebot3_fake_node) StdoutLine: {'line': b'-- Using all available rosidl_typesupport_cpp: rosidl_typesupport_fastrtps_cpp;rosidl_typesupport_introspection_cpp\n'}
[1.105622] (turtlebot3_fake_node) StdoutLine: {'line': b'-- Found nav_msgs: 4.2.4 (/opt/ros/humble/share/nav_msgs/cmake)\n'}
[1.122219] (-) TimerEvent: {}
[1.125432] (turtlebot3_fake_node) StdoutLine: {'line': b'-- Found rclcpp: 16.0.11 (/opt/ros/humble/share/rclcpp/cmake)\n'}
[1.180635] (turtlebot3_fake_node) StdoutLine: {'line': b'-- Found rmw_implementation_cmake: 6.1.2 (/opt/ros/humble/share/rmw_implementation_cmake/cmake)\n'}
[1.184569] (turtlebot3_fake_node) StdoutLine: {'line': b'-- Found rmw_fastrtps_cpp: 6.2.7 (/opt/ros/humble/share/rmw_fastrtps_cpp/cmake)\n'}
[1.193635] (turtlebot3_gazebo) StdoutLine: {'line': b'-- Found fcl: /usr/include (found suitable version "0.7.0", minimum required is "0.5.0") \n'}
[1.222643] (-) TimerEvent: {}
[1.283102] (turtlebot3_gazebo) StdoutLine: {'line': b'-- Found assimp: /usr/include (found version "5.2.0") \n'}
[1.312280] (turtlebot3_gazebo) StdoutLine: {'line': b'-- Found DART: /usr/include (Required is at least version "6.6") found components: dart \n'}
[1.324082] (-) TimerEvent: {}
[1.347160] (turtlebot3_fake_node) StdoutLine: {'line': b'-- Found OpenSSL: /usr/lib/x86_64-linux-gnu/libcrypto.so (found version "3.0.2")  \n'}
[1.387129] (turtlebot3_fake_node) StdoutLine: {'line': b'-- Found FastRTPS: /opt/ros/humble/include  \n'}
[1.432536] (-) TimerEvent: {}
[1.455175] (turtlebot3_fake_node) StdoutLine: {'line': b"-- Using RMW implementation 'rmw_fastrtps_cpp' as default\n"}
[1.470423] (turtlebot3_fake_node) StdoutLine: {'line': b'-- Looking for pthread.h\n'}
[1.535891] (-) TimerEvent: {}
[1.589456] (turtlebot3_fake_node) StdoutLine: {'line': b'-- Looking for pthread.h - found\n'}
[1.589858] (turtlebot3_fake_node) StdoutLine: {'line': b'-- Performing Test CMAKE_HAVE_LIBC_PTHREAD\n'}
[1.611938] (turtlebot3_gazebo) StdoutLine: {'line': b'-- Found Boost: /usr/lib/x86_64-linux-gnu/cmake/Boost-1.74.0/BoostConfig.cmake (found suitable version "1.74.0", minimum required is "1.40.0") found components: thread system filesystem program_options regex iostreams date_time \n'}
[1.635466] (turtlebot3_gazebo) StdoutLine: {'line': b'-- Found Protobuf: /usr/lib/x86_64-linux-gnu/libprotobuf.so (found version "3.12.4") \n'}
[1.636809] (-) TimerEvent: {}
[1.642709] (turtlebot3_gazebo) StdoutLine: {'line': b'-- Looking for ignition-math6 -- found version 6.15.1\n'}
[1.649115] (turtlebot3_gazebo) StdoutLine: {'line': b'-- Searching for dependencies of ignition-math6\n'}
[1.650570] (turtlebot3_gazebo) StdoutLine: {'line': b'-- Looking for OGRE...\n'}
[1.651125] (turtlebot3_gazebo) StdoutLine: {'line': b'-- OGRE_PREFIX_WATCH changed.\n'}
[1.666519] (turtlebot3_gazebo) StdoutLine: {'line': b"-- Checking for module 'OGRE'\n"}
[1.694266] (turtlebot3_gazebo) StdoutLine: {'line': b'--   Found OGRE, version 1.9.0\n'}
[1.738566] (-) TimerEvent: {}
[1.738817] (turtlebot3_fake_node) StdoutLine: {'line': b'-- Performing Test CMAKE_HAVE_LIBC_PTHREAD - Success\n'}
[1.740606] (turtlebot3_fake_node) StdoutLine: {'line': b'-- Found Threads: TRUE  \n'}
[1.791025] (turtlebot3_fake_node) StdoutLine: {'line': b'-- Found sensor_msgs: 4.2.4 (/opt/ros/humble/share/sensor_msgs/cmake)\n'}
[1.878910] (turtlebot3_gazebo) StdoutLine: {'line': b'-- Found Ogre Ghadamon (1.9.0)\n'}
[1.879090] (-) TimerEvent: {}
[1.897792] (turtlebot3_gazebo) StdoutLine: {'line': b'-- Found OGRE: optimized;/usr/lib/x86_64-linux-gnu/libOgreMain.so;debug;/usr/lib/x86_64-linux-gnu/libOgreMain.so\n'}
[1.897975] (turtlebot3_gazebo) StdoutLine: {'line': b'-- Looking for OGRE_Paging...\n'}
[1.898026] (turtlebot3_gazebo) StdoutLine: {'line': b'-- Found OGRE_Paging: optimized;/usr/lib/x86_64-linux-gnu/libOgrePaging.so;debug;/usr/lib/x86_64-linux-gnu/libOgrePaging.so\n'}
[1.898073] (turtlebot3_gazebo) StdoutLine: {'line': b'-- Looking for OGRE_Terrain...\n'}
[1.898116] (turtlebot3_gazebo) StdoutLine: {'line': b'-- Found OGRE_Terrain: optimized;/usr/lib/x86_64-linux-gnu/libOgreTerrain.so;debug;/usr/lib/x86_64-linux-gnu/libOgreTerrain.so\n'}
[1.898161] (turtlebot3_gazebo) StdoutLine: {'line': b'-- Looking for OGRE_Property...\n'}
[1.898204] (turtlebot3_gazebo) StdoutLine: {'line': b'-- Found OGRE_Property: optimized;/usr/lib/x86_64-linux-gnu/libOgreProperty.so;debug;/usr/lib/x86_64-linux-gnu/libOgreProperty.so\n'}
[1.898249] (turtlebot3_gazebo) StdoutLine: {'line': b'-- Looking for OGRE_RTShaderSystem...\n'}
[1.898291] (turtlebot3_gazebo) StdoutLine: {'line': b'-- Found OGRE_RTShaderSystem: optimized;/usr/lib/x86_64-linux-gnu/libOgreRTShaderSystem.so;debug;/usr/lib/x86_64-linux-gnu/libOgreRTShaderSystem.so\n'}
[1.898336] (turtlebot3_gazebo) StdoutLine: {'line': b'-- Looking for OGRE_Volume...\n'}
[1.898431] (turtlebot3_gazebo) StdoutLine: {'line': b'-- Found OGRE_Volume: optimized;/usr/lib/x86_64-linux-gnu/libOgreVolume.so;debug;/usr/lib/x86_64-linux-gnu/libOgreVolume.so\n'}
[1.898483] (turtlebot3_gazebo) StdoutLine: {'line': b'-- Looking for OGRE_Overlay...\n'}
[1.898526] (turtlebot3_gazebo) StdoutLine: {'line': b'-- Found OGRE_Overlay: optimized;/usr/lib/x86_64-linux-gnu/libOgreOverlay.so;debug;/usr/lib/x86_64-linux-gnu/libOgreOverlay.so\n'}
[1.898583] (turtlebot3_fake_node) StdoutLine: {'line': b'-- Found tf2: 0.25.12 (/opt/ros/humble/share/tf2/cmake)\n'}
[1.898640] (turtlebot3_fake_node) StdoutLine: {'line': b'-- Found tf2_msgs: 0.25.12 (/opt/ros/humble/share/tf2_msgs/cmake)\n'}
[1.898687] (turtlebot3_fake_node) StdoutLine: {'line': b'-- Found turtlebot3_msgs: 2.2.3 (/opt/ros/humble/share/turtlebot3_msgs/cmake)\n'}
[1.965325] (turtlebot3_fake_node) StdoutLine: {'line': b'-- Configuring done\n'}
[1.973603] (turtlebot3_gazebo) StdoutLine: {'line': b'-- Looking for ignition-math6 -- found version 6.15.1\n'}
[1.973861] (turtlebot3_fake_node) StdoutLine: {'line': b'-- Generating done\n'}
[1.977083] (turtlebot3_gazebo) StdoutLine: {'line': b'-- Looking for ignition-transport8 -- found version 8.2.1\n'}
[1.982527] (turtlebot3_fake_node) StdoutLine: {'line': b'-- Build files have been written to: /home/patrick/ENAE450_tb_ws/build/turtlebot3_fake_node\n'}
[1.982793] (-) TimerEvent: {}
[1.984673] (turtlebot3_gazebo) StdoutLine: {'line': b'-- Searching for dependencies of ignition-transport8\n'}
[2.004042] (turtlebot3_fake_node) CommandEnded: {'returncode': 0}
[2.004454] (turtlebot3_fake_node) JobProgress: {'identifier': 'turtlebot3_fake_node', 'progress': 'build'}
[2.004475] (turtlebot3_fake_node) Command: {'cmd': ['/usr/bin/cmake', '--build', '/home/patrick/ENAE450_tb_ws/build/turtlebot3_fake_node', '--', '-j2', '-l2'], 'cwd': '/home/patrick/ENAE450_tb_ws/build/turtlebot3_fake_node', 'env': OrderedDict([('LESSOPEN', '| /usr/bin/lesspipe %s'), ('USER', 'patrick'), ('XDG_SESSION_TYPE', 'wayland'), ('SHLVL', '1'), ('LD_LIBRARY_PATH', '/usr/lib/x86_64-linux-gnu/gazebo-11/plugins:/opt/ros/humble/opt/rviz_ogre_vendor/lib:/opt/ros/humble/lib/x86_64-linux-gnu:/opt/ros/humble/lib'), ('HOME', '/home/patrick'), ('OLDPWD', '/home/patrick/ENAE450_tb_ws/src'), ('DESKTOP_SESSION', 'ubuntu'), ('ROS_PYTHON_VERSION', '3'), ('GNOME_SHELL_SESSION_MODE', 'ubuntu'), ('GTK_MODULES', 'gail:atk-bridge'), ('SYSTEMD_EXEC_PID', '2684'), ('DBUS_SESSION_BUS_ADDRESS', 'unix:path=/run/user/1000/bus'), ('COLORTERM', 'truecolor'), ('IM_CONFIG_PHASE', '1'), ('WAYLAND_DISPLAY', 'wayland-0'), ('ROS_DISTRO', 'humble'), ('LOGNAME', 'patrick'), ('_', '/usr/bin/colcon'), ('ROS_VERSION', '2'), ('XDG_SESSION_CLASS', 'user'), ('USERNAME', 'patrick'), ('TERM', 'xterm-256color'), ('GNOME_DESKTOP_SESSION_ID', 'this-is-deprecated'), ('ROS_LOCALHOST_ONLY', '0'), ('PATH', '/opt/ros/humble/bin:/usr/local/sbin:/usr/local/bin:/usr/sbin:/usr/bin:/sbin:/bin:/usr/games:/usr/local/games:/snap/bin:/snap/bin'), ('SESSION_MANAGER', 'local/Ubuntu:@/tmp/.ICE-unix/2663,unix/Ubuntu:/tmp/.ICE-unix/2663'), ('XDG_MENU_PREFIX', 'gnome-'), ('GNOME_TERMINAL_SCREEN', '/org/gnome/Terminal/screen/c018a4df_a20a_4872_8584_f1078a2959dc'), ('GNOME_SETUP_DISPLAY', ':1'), ('XDG_RUNTIME_DIR', '/run/user/1000'), ('DISPLAY', ':0'), ('LANG', 'en_US.UTF-8'), ('XDG_CURRENT_DESKTOP', 'ubuntu:GNOME'), ('XMODIFIERS', '@im=ibus'), ('XDG_SESSION_DESKTOP', 'ubuntu'), ('XAUTHORITY', '/run/user/1000/.mutter-Xwaylandauth.9OLL52'), ('LS_COLORS', 'rs=0:di=01;34:ln=01;36:mh=00:pi=40;33:so=01;35:do=01;35:bd=40;33;01:cd=40;33;01:or=40;31;01:mi=00:su=37;41:sg=30;43:ca=30;41:tw=30;42:ow=34;42:st=37;44:ex=01;32:*.tar=01;31:*.tgz=01;31:*.arc=01;31:*.arj=01;31:*.taz=01;31:*.lha=01;31:*.lz4=01;31:*.lzh=01;31:*.lzma=01;31:*.tlz=01;31:*.txz=01;31:*.tzo=01;31:*.t7z=01;31:*.zip=01;31:*.z=01;31:*.dz=01;31:*.gz=01;31:*.lrz=01;31:*.lz=01;31:*.lzo=01;31:*.xz=01;31:*.zst=01;31:*.tzst=01;31:*.bz2=01;31:*.bz=01;31:*.tbz=01;31:*.tbz2=01;31:*.tz=01;31:*.deb=01;31:*.rpm=01;31:*.jar=01;31:*.war=01;31:*.ear=01;31:*.sar=01;31:*.rar=01;31:*.alz=01;31:*.ace=01;31:*.zoo=01;31:*.cpio=01;31:*.7z=01;31:*.rz=01;31:*.cab=01;31:*.wim=01;31:*.swm=01;31:*.dwm=01;31:*.esd=01;31:*.jpg=01;35:*.jpeg=01;35:*.mjpg=01;35:*.mjpeg=01;35:*.gif=01;35:*.bmp=01;35:*.pbm=01;35:*.pgm=01;35:*.ppm=01;35:*.tga=01;35:*.xbm=01;35:*.xpm=01;35:*.tif=01;35:*.tiff=01;35:*.png=01;35:*.svg=01;35:*.svgz=01;35:*.mng=01;35:*.pcx=01;35:*.mov=01;35:*.mpg=01;35:*.mpeg=01;35:*.m2v=01;35:*.mkv=01;35:*.webm=01;35:*.webp=01;35:*.ogm=01;35:*.mp4=01;35:*.m4v=01;35:*.mp4v=01;35:*.vob=01;35:*.qt=01;35:*.nuv=01;35:*.wmv=01;35:*.asf=01;35:*.rm=01;35:*.rmvb=01;35:*.flc=01;35:*.avi=01;35:*.fli=01;35:*.flv=01;35:*.gl=01;35:*.dl=01;35:*.xcf=01;35:*.xwd=01;35:*.yuv=01;35:*.cgm=01;35:*.emf=01;35:*.ogv=01;35:*.ogx=01;35:*.aac=00;36:*.au=00;36:*.flac=00;36:*.m4a=00;36:*.mid=00;36:*.midi=00;36:*.mka=00;36:*.mp3=00;36:*.mpc=00;36:*.ogg=00;36:*.ra=00;36:*.wav=00;36:*.oga=00;36:*.opus=00;36:*.spx=00;36:*.xspf=00;36:'), ('GNOME_TERMINAL_SERVICE', ':1.113'), ('SSH_AGENT_LAUNCHER', 'gnome-keyring'), ('SSH_AUTH_SOCK', '/run/user/1000/keyring/ssh'), ('ROS_DOMAIN_ID', '0'), ('AMENT_PREFIX_PATH', '/opt/ros/humble'), ('SHELL', '/bin/bash'), ('QT_ACCESSIBILITY', '1'), ('GDMSESSION', 'ubuntu'), ('LESSCLOSE', '/usr/bin/lesspipe %s %s'), ('QT_IM_MODULE', 'ibus'), ('PWD', '/home/patrick/ENAE450_tb_ws/build/turtlebot3_fake_node'), ('XDG_CONFIG_DIRS', '/etc/xdg/xdg-ubuntu:/etc/xdg'), ('XDG_DATA_DIRS', '/usr/share/ubuntu:/usr/local/share/:/usr/share/:/var/lib/snapd/desktop'), ('PYTHONPATH', '/opt/ros/humble/lib/python3.10/site-packages:/opt/ros/humble/local/lib/python3.10/dist-packages'), ('COLCON', '1'), ('VTE_VERSION', '6800'), ('CMAKE_PREFIX_PATH', '/opt/ros/humble')]), 'shell': False}
[2.020414] (turtlebot3_gazebo) StdoutLine: {'line': b'-- Found Protobuf: /usr/lib/x86_64-linux-gnu/libprotobuf.so (found suitable version "3.12.4", minimum required is "3") \n'}
[2.035002] (turtlebot3_gazebo) StdoutLine: {'line': b'-- Config-file not installed for ZeroMQ -- checking for pkg-config\n'}
[2.044518] (turtlebot3_gazebo) StdoutLine: {'line': b"-- Checking for module 'libzmq >= 4'\n"}
[2.074294] (turtlebot3_gazebo) StdoutLine: {'line': b'--   Found libzmq , version 4.3.4\n'}
[2.082987] (-) TimerEvent: {}
[2.096452] (turtlebot3_fake_node) StdoutLine: {'line': b'[ 50%] \x1b[32mBuilding CXX object CMakeFiles/turtlebot3_fake_node.dir/src/turtlebot3_fake_node.cpp.o\x1b[0m\n'}
[2.899491] (-) TimerEvent: {}
[2.945274] (turtlebot3_gazebo) StdoutLine: {'line': b'-- Found ZeroMQ: TRUE (Required is at least version "4") \n'}
[2.962391] (turtlebot3_gazebo) StdoutLine: {'line': b"-- Checking for module 'uuid'\n"}
[3.005696] (-) TimerEvent: {}
[3.077283] (turtlebot3_gazebo) StdoutLine: {'line': b'--   Found uuid, version 2.37.2\n'}
[3.109276] (-) TimerEvent: {}
[3.156023] (turtlebot3_gazebo) StdoutLine: {'line': b'-- Found UUID: TRUE  \n'}
[3.156215] (turtlebot3_gazebo) StdoutLine: {'line': b'-- Looking for ignition-msgs5 -- found version 5.8.1\n'}
[3.156266] (turtlebot3_gazebo) StdoutLine: {'line': b'-- Searching for dependencies of ignition-msgs5\n'}
[3.186430] (turtlebot3_gazebo) StdoutLine: {'line': b'-- Looking for ignition-math6 -- found version 6.15.1\n'}
[3.195241] (turtlebot3_gazebo) StdoutLine: {'line': b"-- Checking for module 'tinyxml2'\n"}
[3.212160] (-) TimerEvent: {}
[3.226478] (turtlebot3_gazebo) StdoutLine: {'line': b'--   Found tinyxml2, version 9.0.0\n'}
[3.284677] (turtlebot3_gazebo) StdoutLine: {'line': b'-- Looking for ignition-msgs5 -- found version 5.8.1\n'}
[3.284868] (turtlebot3_gazebo) StdoutLine: {'line': b'-- Looking for ignition-common3 -- found version 3.14.0\n'}
[3.290525] (turtlebot3_gazebo) StdoutLine: {'line': b'-- Searching for dependencies of ignition-common3\n'}
[3.291516] (turtlebot3_gazebo) StdoutLine: {'line': b'-- Looking for dlfcn.h - found\n'}
[3.292924] (turtlebot3_gazebo) StdoutLine: {'line': b'-- Looking for libdl - found\n'}
[3.294705] (turtlebot3_gazebo) StdoutLine: {'line': b'-- Found DL: TRUE  \n'}
[3.308448] (turtlebot3_gazebo) StdoutLine: {'line': b'-- Found tinyobjloader: /usr/lib/x86_64-linux-gnu/cmake/tinyobjloader/tinyobjloader-config.cmake (found version "2.0.0") \n'}
[3.906471] (turtlebot3_gazebo) StdoutLine: {'line': b'-- Searching for <ignition-common3> component [graphics]\n'}
[3.906672] (-) TimerEvent: {}
[3.907360] (turtlebot3_gazebo) StdoutLine: {'line': b'-- Looking for ignition-common3-graphics -- found version 3.14.0\n'}
[3.907442] (turtlebot3_gazebo) StdoutLine: {'line': b'-- Searching for dependencies of ignition-common3-graphics\n'}
[3.907643] (turtlebot3_gazebo) StdoutLine: {'line': b'-- Looking for ignition-math6 -- found version 6.15.1\n'}
[3.907703] (turtlebot3_gazebo) StdoutLine: {'line': b'-- Looking for ignition-fuel_tools4 -- found version 4.4.0\n'}
[3.908906] (turtlebot3_gazebo) StdoutLine: {'line': b'-- Searching for dependencies of ignition-fuel_tools4\n'}
[3.908959] (turtlebot3_gazebo) StdoutLine: {'line': b'-- Found CURL: /usr/lib/x86_64-linux-gnu/libcurl.so (found version "7.81.0")  \n'}
[3.909004] (turtlebot3_gazebo) StdoutLine: {'line': b"-- Checking for module 'jsoncpp'\n"}
[3.909047] (turtlebot3_gazebo) StdoutLine: {'line': b'--   Found jsoncpp, version 1.9.5\n'}
[3.909090] (turtlebot3_gazebo) StdoutLine: {'line': b'-- Found JSONCPP: TRUE  \n'}
[3.909133] (turtlebot3_gazebo) StdoutLine: {'line': b"-- Checking for module 'libzip'\n"}
[3.909178] (turtlebot3_gazebo) StdoutLine: {'line': b'--   Found libzip, version 1.7.3\n'}
[3.909225] (turtlebot3_gazebo) StdoutLine: {'line': b'-- Found ZIP: TRUE  \n'}
[3.909267] (turtlebot3_gazebo) StdoutLine: {'line': b'-- Looking for ignition-common3 -- found version 3.14.0\n'}
[3.909308] (turtlebot3_gazebo) StdoutLine: {'line': b'-- Looking for ignition-math6 -- found version 6.15.1\n'}
[3.909350] (turtlebot3_gazebo) StdoutLine: {'line': b'-- Looking for ignition-msgs5 -- found version 5.8.1\n'}
[3.909392] (turtlebot3_gazebo) StdoutLine: {'line': b'-- Found gazebo_ros_pkgs: 3.9.0 (/opt/ros/humble/share/gazebo_ros_pkgs/cmake)\n'}
[3.909435] (turtlebot3_gazebo) StdoutLine: {'line': b'-- Found geometry_msgs: 4.2.4 (/opt/ros/humble/share/geometry_msgs/cmake)\n'}
[3.909477] (turtlebot3_gazebo) StdoutLine: {'line': b'-- Found rosidl_generator_c: 3.1.6 (/opt/ros/humble/share/rosidl_generator_c/cmake)\n'}
[3.909520] (turtlebot3_gazebo) StdoutLine: {'line': b'-- Found rosidl_adapter: 3.1.6 (/opt/ros/humble/share/rosidl_adapter/cmake)\n'}
[3.909562] (turtlebot3_gazebo) StdoutLine: {'line': b'-- Found rosidl_generator_cpp: 3.1.6 (/opt/ros/humble/share/rosidl_generator_cpp/cmake)\n'}
[3.909605] (turtlebot3_gazebo) StdoutLine: {'line': b'-- Using all available rosidl_typesupport_c: rosidl_typesupport_fastrtps_c;rosidl_typesupport_introspection_c\n'}
[3.909678] (turtlebot3_gazebo) StdoutLine: {'line': b'-- Using all available rosidl_typesupport_cpp: rosidl_typesupport_fastrtps_cpp;rosidl_typesupport_introspection_cpp\n'}
[3.909727] (turtlebot3_gazebo) StdoutLine: {'line': b'-- Found nav_msgs: 4.2.4 (/opt/ros/humble/share/nav_msgs/cmake)\n'}
[3.909770] (turtlebot3_gazebo) StdoutLine: {'line': b'-- Found rclcpp: 16.0.11 (/opt/ros/humble/share/rclcpp/cmake)\n'}
[3.909813] (turtlebot3_gazebo) StdoutLine: {'line': b'-- Found rmw_implementation_cmake: 6.1.2 (/opt/ros/humble/share/rmw_implementation_cmake/cmake)\n'}
[3.909855] (turtlebot3_gazebo) StdoutLine: {'line': b'-- Found rmw_fastrtps_cpp: 6.2.7 (/opt/ros/humble/share/rmw_fastrtps_cpp/cmake)\n'}
[3.909897] (turtlebot3_gazebo) StdoutLine: {'line': b'-- Found OpenSSL: /usr/lib/x86_64-linux-gnu/libcrypto.so (found version "3.0.2")  \n'}
[3.909939] (turtlebot3_gazebo) StdoutLine: {'line': b'-- Found FastRTPS: /opt/ros/humble/include  \n'}
[4.081647] (turtlebot3_gazebo) StdoutLine: {'line': b"-- Using RMW implementation 'rmw_fastrtps_cpp' as default\n"}
[4.081820] (-) TimerEvent: {}
[4.082669] (turtlebot3_gazebo) StdoutLine: {'line': b'-- Found Threads: TRUE  \n'}
[4.082873] (turtlebot3_gazebo) StdoutLine: {'line': b'-- Found sensor_msgs: 4.2.4 (/opt/ros/humble/share/sensor_msgs/cmake)\n'}
[4.082925] (turtlebot3_gazebo) StdoutLine: {'line': b'-- Found tf2: 0.25.12 (/opt/ros/humble/share/tf2/cmake)\n'}
[4.165057] (turtlebot3_gazebo) StdoutLine: {'line': b'-- Configuring done\n'}
[4.232655] (-) TimerEvent: {}
[4.251601] (turtlebot3_gazebo) StdoutLine: {'line': b'-- Generating done\n'}
[4.286622] (turtlebot3_gazebo) StdoutLine: {'line': b'-- Build files have been written to: /home/patrick/ENAE450_tb_ws/build/turtlebot3_gazebo\n'}
[4.286824] (turtlebot3_gazebo) CommandEnded: {'returncode': 0}
[4.287166] (turtlebot3_gazebo) JobProgress: {'identifier': 'turtlebot3_gazebo', 'progress': 'build'}
[4.287191] (turtlebot3_gazebo) Command: {'cmd': ['/usr/bin/cmake', '--build', '/home/patrick/ENAE450_tb_ws/build/turtlebot3_gazebo', '--', '-j2', '-l2'], 'cwd': '/home/patrick/ENAE450_tb_ws/build/turtlebot3_gazebo', 'env': OrderedDict([('LESSOPEN', '| /usr/bin/lesspipe %s'), ('USER', 'patrick'), ('XDG_SESSION_TYPE', 'wayland'), ('SHLVL', '1'), ('LD_LIBRARY_PATH', '/usr/lib/x86_64-linux-gnu/gazebo-11/plugins:/opt/ros/humble/opt/rviz_ogre_vendor/lib:/opt/ros/humble/lib/x86_64-linux-gnu:/opt/ros/humble/lib'), ('HOME', '/home/patrick'), ('OLDPWD', '/home/patrick/ENAE450_tb_ws/src'), ('DESKTOP_SESSION', 'ubuntu'), ('ROS_PYTHON_VERSION', '3'), ('GNOME_SHELL_SESSION_MODE', 'ubuntu'), ('GTK_MODULES', 'gail:atk-bridge'), ('SYSTEMD_EXEC_PID', '2684'), ('DBUS_SESSION_BUS_ADDRESS', 'unix:path=/run/user/1000/bus'), ('COLORTERM', 'truecolor'), ('IM_CONFIG_PHASE', '1'), ('WAYLAND_DISPLAY', 'wayland-0'), ('ROS_DISTRO', 'humble'), ('LOGNAME', 'patrick'), ('_', '/usr/bin/colcon'), ('ROS_VERSION', '2'), ('XDG_SESSION_CLASS', 'user'), ('USERNAME', 'patrick'), ('TERM', 'xterm-256color'), ('GNOME_DESKTOP_SESSION_ID', 'this-is-deprecated'), ('ROS_LOCALHOST_ONLY', '0'), ('PATH', '/opt/ros/humble/bin:/usr/local/sbin:/usr/local/bin:/usr/sbin:/usr/bin:/sbin:/bin:/usr/games:/usr/local/games:/snap/bin:/snap/bin'), ('SESSION_MANAGER', 'local/Ubuntu:@/tmp/.ICE-unix/2663,unix/Ubuntu:/tmp/.ICE-unix/2663'), ('XDG_MENU_PREFIX', 'gnome-'), ('GNOME_TERMINAL_SCREEN', '/org/gnome/Terminal/screen/c018a4df_a20a_4872_8584_f1078a2959dc'), ('GNOME_SETUP_DISPLAY', ':1'), ('XDG_RUNTIME_DIR', '/run/user/1000'), ('DISPLAY', ':0'), ('LANG', 'en_US.UTF-8'), ('XDG_CURRENT_DESKTOP', 'ubuntu:GNOME'), ('XMODIFIERS', '@im=ibus'), ('XDG_SESSION_DESKTOP', 'ubuntu'), ('XAUTHORITY', '/run/user/1000/.mutter-Xwaylandauth.9OLL52'), ('LS_COLORS', 'rs=0:di=01;34:ln=01;36:mh=00:pi=40;33:so=01;35:do=01;35:bd=40;33;01:cd=40;33;01:or=40;31;01:mi=00:su=37;41:sg=30;43:ca=30;41:tw=30;42:ow=34;42:st=37;44:ex=01;32:*.tar=01;31:*.tgz=01;31:*.arc=01;31:*.arj=01;31:*.taz=01;31:*.lha=01;31:*.lz4=01;31:*.lzh=01;31:*.lzma=01;31:*.tlz=01;31:*.txz=01;31:*.tzo=01;31:*.t7z=01;31:*.zip=01;31:*.z=01;31:*.dz=01;31:*.gz=01;31:*.lrz=01;31:*.lz=01;31:*.lzo=01;31:*.xz=01;31:*.zst=01;31:*.tzst=01;31:*.bz2=01;31:*.bz=01;31:*.tbz=01;31:*.tbz2=01;31:*.tz=01;31:*.deb=01;31:*.rpm=01;31:*.jar=01;31:*.war=01;31:*.ear=01;31:*.sar=01;31:*.rar=01;31:*.alz=01;31:*.ace=01;31:*.zoo=01;31:*.cpio=01;31:*.7z=01;31:*.rz=01;31:*.cab=01;31:*.wim=01;31:*.swm=01;31:*.dwm=01;31:*.esd=01;31:*.jpg=01;35:*.jpeg=01;35:*.mjpg=01;35:*.mjpeg=01;35:*.gif=01;35:*.bmp=01;35:*.pbm=01;35:*.pgm=01;35:*.ppm=01;35:*.tga=01;35:*.xbm=01;35:*.xpm=01;35:*.tif=01;35:*.tiff=01;35:*.png=01;35:*.svg=01;35:*.svgz=01;35:*.mng=01;35:*.pcx=01;35:*.mov=01;35:*.mpg=01;35:*.mpeg=01;35:*.m2v=01;35:*.mkv=01;35:*.webm=01;35:*.webp=01;35:*.ogm=01;35:*.mp4=01;35:*.m4v=01;35:*.mp4v=01;35:*.vob=01;35:*.qt=01;35:*.nuv=01;35:*.wmv=01;35:*.asf=01;35:*.rm=01;35:*.rmvb=01;35:*.flc=01;35:*.avi=01;35:*.fli=01;35:*.flv=01;35:*.gl=01;35:*.dl=01;35:*.xcf=01;35:*.xwd=01;35:*.yuv=01;35:*.cgm=01;35:*.emf=01;35:*.ogv=01;35:*.ogx=01;35:*.aac=00;36:*.au=00;36:*.flac=00;36:*.m4a=00;36:*.mid=00;36:*.midi=00;36:*.mka=00;36:*.mp3=00;36:*.mpc=00;36:*.ogg=00;36:*.ra=00;36:*.wav=00;36:*.oga=00;36:*.opus=00;36:*.spx=00;36:*.xspf=00;36:'), ('GNOME_TERMINAL_SERVICE', ':1.113'), ('SSH_AGENT_LAUNCHER', 'gnome-keyring'), ('SSH_AUTH_SOCK', '/run/user/1000/keyring/ssh'), ('ROS_DOMAIN_ID', '0'), ('AMENT_PREFIX_PATH', '/opt/ros/humble'), ('SHELL', '/bin/bash'), ('QT_ACCESSIBILITY', '1'), ('GDMSESSION', 'ubuntu'), ('LESSCLOSE', '/usr/bin/lesspipe %s %s'), ('QT_IM_MODULE', 'ibus'), ('PWD', '/home/patrick/ENAE450_tb_ws/build/turtlebot3_gazebo'), ('XDG_CONFIG_DIRS', '/etc/xdg/xdg-ubuntu:/etc/xdg'), ('XDG_DATA_DIRS', '/usr/share/ubuntu:/usr/local/share/:/usr/share/:/var/lib/snapd/desktop'), ('PYTHONPATH', '/opt/ros/humble/lib/python3.10/site-packages:/opt/ros/humble/local/lib/python3.10/dist-packages'), ('COLCON', '1'), ('VTE_VERSION', '6800'), ('CMAKE_PREFIX_PATH', '/opt/ros/humble')]), 'shell': False}
[4.340341] (-) TimerEvent: {}
[4.403501] (turtlebot3_gazebo) StdoutLine: {'line': b'[  8%] \x1b[32mBuilding CXX object CMakeFiles/traffic_light_plugin.dir/src/traffic_light_plugin.cpp.o\x1b[0m\n'}
[4.910485] (turtlebot3_gazebo) StdoutLine: {'line': b'[ 16%] \x1b[32mBuilding CXX object CMakeFiles/turtlebot3_drive.dir/src/turtlebot3_drive.cpp.o\x1b[0m\n'}
[4.910720] (-) TimerEvent: {}
[5.936434] (-) TimerEvent: {}
[6.904085] (-) TimerEvent: {}
[7.775465] (-) TimerEvent: {}
[7.905634] (-) TimerEvent: {}
[8.911152] (-) TimerEvent: {}
[9.930011] (-) TimerEvent: {}
[11.897490] (-) TimerEvent: {}
[13.062858] (-) TimerEvent: {}
[13.169371] (-) TimerEvent: {}
[13.896068] (-) TimerEvent: {}
[14.001412] (-) TimerEvent: {}
[14.109762] (-) TimerEvent: {}
[14.216608] (-) TimerEvent: {}
[14.322846] (-) TimerEvent: {}
[14.429302] (-) TimerEvent: {}
[14.534496] (-) TimerEvent: {}
[14.651209] (-) TimerEvent: {}
[14.757158] (-) TimerEvent: {}
[14.862884] (-) TimerEvent: {}
[14.967594] (-) TimerEvent: {}
[15.072286] (-) TimerEvent: {}
[15.474182] (-) TimerEvent: {}
[15.476176] (turtlebot3_fake_node) StdoutLine: {'line': b'[100%] \x1b[32m\x1b[1mLinking CXX executable turtlebot3_fake_node\x1b[0m\n'}
[15.904548] (-) TimerEvent: {}
[16.005658] (-) TimerEvent: {}
[16.110631] (-) TimerEvent: {}
[16.216918] (-) TimerEvent: {}
[16.324394] (-) TimerEvent: {}
[16.448300] (-) TimerEvent: {}
[16.552443] (-) TimerEvent: {}
[16.701549] (turtlebot3_fake_node) StdoutLine: {'line': b'[100%] Built target turtlebot3_fake_node\n'}
[16.701758] (-) TimerEvent: {}
[16.751799] (turtlebot3_fake_node) CommandEnded: {'returncode': 0}
[16.752277] (turtlebot3_fake_node) JobProgress: {'identifier': 'turtlebot3_fake_node', 'progress': 'install'}
[16.775042] (turtlebot3_fake_node) Command: {'cmd': ['/usr/bin/cmake', '--install', '/home/patrick/ENAE450_tb_ws/build/turtlebot3_fake_node'], 'cwd': '/home/patrick/ENAE450_tb_ws/build/turtlebot3_fake_node', 'env': OrderedDict([('LESSOPEN', '| /usr/bin/lesspipe %s'), ('USER', 'patrick'), ('XDG_SESSION_TYPE', 'wayland'), ('SHLVL', '1'), ('LD_LIBRARY_PATH', '/usr/lib/x86_64-linux-gnu/gazebo-11/plugins:/opt/ros/humble/opt/rviz_ogre_vendor/lib:/opt/ros/humble/lib/x86_64-linux-gnu:/opt/ros/humble/lib'), ('HOME', '/home/patrick'), ('OLDPWD', '/home/patrick/ENAE450_tb_ws/src'), ('DESKTOP_SESSION', 'ubuntu'), ('ROS_PYTHON_VERSION', '3'), ('GNOME_SHELL_SESSION_MODE', 'ubuntu'), ('GTK_MODULES', 'gail:atk-bridge'), ('SYSTEMD_EXEC_PID', '2684'), ('DBUS_SESSION_BUS_ADDRESS', 'unix:path=/run/user/1000/bus'), ('COLORTERM', 'truecolor'), ('IM_CONFIG_PHASE', '1'), ('WAYLAND_DISPLAY', 'wayland-0'), ('ROS_DISTRO', 'humble'), ('LOGNAME', 'patrick'), ('_', '/usr/bin/colcon'), ('ROS_VERSION', '2'), ('XDG_SESSION_CLASS', 'user'), ('USERNAME', 'patrick'), ('TERM', 'xterm-256color'), ('GNOME_DESKTOP_SESSION_ID', 'this-is-deprecated'), ('ROS_LOCALHOST_ONLY', '0'), ('PATH', '/opt/ros/humble/bin:/usr/local/sbin:/usr/local/bin:/usr/sbin:/usr/bin:/sbin:/bin:/usr/games:/usr/local/games:/snap/bin:/snap/bin'), ('SESSION_MANAGER', 'local/Ubuntu:@/tmp/.ICE-unix/2663,unix/Ubuntu:/tmp/.ICE-unix/2663'), ('XDG_MENU_PREFIX', 'gnome-'), ('GNOME_TERMINAL_SCREEN', '/org/gnome/Terminal/screen/c018a4df_a20a_4872_8584_f1078a2959dc'), ('GNOME_SETUP_DISPLAY', ':1'), ('XDG_RUNTIME_DIR', '/run/user/1000'), ('DISPLAY', ':0'), ('LANG', 'en_US.UTF-8'), ('XDG_CURRENT_DESKTOP', 'ubuntu:GNOME'), ('XMODIFIERS', '@im=ibus'), ('XDG_SESSION_DESKTOP', 'ubuntu'), ('XAUTHORITY', '/run/user/1000/.mutter-Xwaylandauth.9OLL52'), ('LS_COLORS', 'rs=0:di=01;34:ln=01;36:mh=00:pi=40;33:so=01;35:do=01;35:bd=40;33;01:cd=40;33;01:or=40;31;01:mi=00:su=37;41:sg=30;43:ca=30;41:tw=30;42:ow=34;42:st=37;44:ex=01;32:*.tar=01;31:*.tgz=01;31:*.arc=01;31:*.arj=01;31:*.taz=01;31:*.lha=01;31:*.lz4=01;31:*.lzh=01;31:*.lzma=01;31:*.tlz=01;31:*.txz=01;31:*.tzo=01;31:*.t7z=01;31:*.zip=01;31:*.z=01;31:*.dz=01;31:*.gz=01;31:*.lrz=01;31:*.lz=01;31:*.lzo=01;31:*.xz=01;31:*.zst=01;31:*.tzst=01;31:*.bz2=01;31:*.bz=01;31:*.tbz=01;31:*.tbz2=01;31:*.tz=01;31:*.deb=01;31:*.rpm=01;31:*.jar=01;31:*.war=01;31:*.ear=01;31:*.sar=01;31:*.rar=01;31:*.alz=01;31:*.ace=01;31:*.zoo=01;31:*.cpio=01;31:*.7z=01;31:*.rz=01;31:*.cab=01;31:*.wim=01;31:*.swm=01;31:*.dwm=01;31:*.esd=01;31:*.jpg=01;35:*.jpeg=01;35:*.mjpg=01;35:*.mjpeg=01;35:*.gif=01;35:*.bmp=01;35:*.pbm=01;35:*.pgm=01;35:*.ppm=01;35:*.tga=01;35:*.xbm=01;35:*.xpm=01;35:*.tif=01;35:*.tiff=01;35:*.png=01;35:*.svg=01;35:*.svgz=01;35:*.mng=01;35:*.pcx=01;35:*.mov=01;35:*.mpg=01;35:*.mpeg=01;35:*.m2v=01;35:*.mkv=01;35:*.webm=01;35:*.webp=01;35:*.ogm=01;35:*.mp4=01;35:*.m4v=01;35:*.mp4v=01;35:*.vob=01;35:*.qt=01;35:*.nuv=01;35:*.wmv=01;35:*.asf=01;35:*.rm=01;35:*.rmvb=01;35:*.flc=01;35:*.avi=01;35:*.fli=01;35:*.flv=01;35:*.gl=01;35:*.dl=01;35:*.xcf=01;35:*.xwd=01;35:*.yuv=01;35:*.cgm=01;35:*.emf=01;35:*.ogv=01;35:*.ogx=01;35:*.aac=00;36:*.au=00;36:*.flac=00;36:*.m4a=00;36:*.mid=00;36:*.midi=00;36:*.mka=00;36:*.mp3=00;36:*.mpc=00;36:*.ogg=00;36:*.ra=00;36:*.wav=00;36:*.oga=00;36:*.opus=00;36:*.spx=00;36:*.xspf=00;36:'), ('GNOME_TERMINAL_SERVICE', ':1.113'), ('SSH_AGENT_LAUNCHER', 'gnome-keyring'), ('SSH_AUTH_SOCK', '/run/user/1000/keyring/ssh'), ('ROS_DOMAIN_ID', '0'), ('AMENT_PREFIX_PATH', '/opt/ros/humble'), ('SHELL', '/bin/bash'), ('QT_ACCESSIBILITY', '1'), ('GDMSESSION', 'ubuntu'), ('LESSCLOSE', '/usr/bin/lesspipe %s %s'), ('QT_IM_MODULE', 'ibus'), ('PWD', '/home/patrick/ENAE450_tb_ws/build/turtlebot3_fake_node'), ('XDG_CONFIG_DIRS', '/etc/xdg/xdg-ubuntu:/etc/xdg'), ('XDG_DATA_DIRS', '/usr/share/ubuntu:/usr/local/share/:/usr/share/:/var/lib/snapd/desktop'), ('PYTHONPATH', '/opt/ros/humble/lib/python3.10/site-packages:/opt/ros/humble/local/lib/python3.10/dist-packages'), ('COLCON', '1'), ('VTE_VERSION', '6800'), ('CMAKE_PREFIX_PATH', '/opt/ros/humble')]), 'shell': False}
[16.797858] (turtlebot3_fake_node) StdoutLine: {'line': b'-- Install configuration: ""\n'}
[16.798576] (turtlebot3_fake_node) StdoutLine: {'line': b'-- Installing: /home/patrick/ENAE450_tb_ws/install/turtlebot3_fake_node/lib/turtlebot3_fake_node/turtlebot3_fake_node\n'}
[16.817694] (-) TimerEvent: {}
[16.818657] (turtlebot3_fake_node) StdoutLine: {'line': b'-- Set runtime path of "/home/patrick/ENAE450_tb_ws/install/turtlebot3_fake_node/lib/turtlebot3_fake_node/turtlebot3_fake_node" to ""\n'}
[16.819011] (turtlebot3_fake_node) StdoutLine: {'line': b'-- Installing: /home/patrick/ENAE450_tb_ws/install/turtlebot3_fake_node/share/turtlebot3_fake_node/launch\n'}
[16.824545] (turtlebot3_fake_node) StdoutLine: {'line': b'-- Installing: /home/patrick/ENAE450_tb_ws/install/turtlebot3_fake_node/share/turtlebot3_fake_node/launch/turtlebot3_fake_node.launch.py\n'}
[16.824655] (turtlebot3_fake_node) StdoutLine: {'line': b'-- Installing: /home/patrick/ENAE450_tb_ws/install/turtlebot3_fake_node/share/turtlebot3_fake_node/launch/rviz2.launch.py\n'}
[16.824720] (turtlebot3_fake_node) StdoutLine: {'line': b'-- Installing: /home/patrick/ENAE450_tb_ws/install/turtlebot3_fake_node/share/turtlebot3_fake_node/param\n'}
[16.824769] (turtlebot3_fake_node) StdoutLine: {'line': b'-- Installing: /home/patrick/ENAE450_tb_ws/install/turtlebot3_fake_node/share/turtlebot3_fake_node/param/burger.yaml\n'}
[16.824814] (turtlebot3_fake_node) StdoutLine: {'line': b'-- Installing: /home/patrick/ENAE450_tb_ws/install/turtlebot3_fake_node/share/turtlebot3_fake_node/param/waffle.yaml\n'}
[16.824856] (turtlebot3_fake_node) StdoutLine: {'line': b'-- Installing: /home/patrick/ENAE450_tb_ws/install/turtlebot3_fake_node/share/turtlebot3_fake_node/param/waffle_pi.yaml\n'}
[16.824898] (turtlebot3_fake_node) StdoutLine: {'line': b'-- Installing: /home/patrick/ENAE450_tb_ws/install/turtlebot3_fake_node/include/\n'}
[16.824940] (turtlebot3_fake_node) StdoutLine: {'line': b'-- Installing: /home/patrick/ENAE450_tb_ws/install/turtlebot3_fake_node/include//turtlebot3_fake_node\n'}
[16.829262] (turtlebot3_fake_node) StdoutLine: {'line': b'-- Installing: /home/patrick/ENAE450_tb_ws/install/turtlebot3_fake_node/include//turtlebot3_fake_node/turtlebot3_fake_node.hpp\n'}
[16.829361] (turtlebot3_fake_node) StdoutLine: {'line': b'-- Installing: /home/patrick/ENAE450_tb_ws/install/turtlebot3_fake_node/share/ament_index/resource_index/package_run_dependencies/turtlebot3_fake_node\n'}
[16.829409] (turtlebot3_fake_node) StdoutLine: {'line': b'-- Installing: /home/patrick/ENAE450_tb_ws/install/turtlebot3_fake_node/share/ament_index/resource_index/parent_prefix_path/turtlebot3_fake_node\n'}
[16.829470] (turtlebot3_fake_node) StdoutLine: {'line': b'-- Installing: /home/patrick/ENAE450_tb_ws/install/turtlebot3_fake_node/share/turtlebot3_fake_node/environment/ament_prefix_path.sh\n'}
[16.829514] (turtlebot3_fake_node) StdoutLine: {'line': b'-- Installing: /home/patrick/ENAE450_tb_ws/install/turtlebot3_fake_node/share/turtlebot3_fake_node/environment/ament_prefix_path.dsv\n'}
[16.829587] (turtlebot3_fake_node) StdoutLine: {'line': b'-- Installing: /home/patrick/ENAE450_tb_ws/install/turtlebot3_fake_node/share/turtlebot3_fake_node/environment/path.sh\n'}
[16.829637] (turtlebot3_fake_node) StdoutLine: {'line': b'-- Installing: /home/patrick/ENAE450_tb_ws/install/turtlebot3_fake_node/share/turtlebot3_fake_node/environment/path.dsv\n'}
[16.829737] (turtlebot3_fake_node) StdoutLine: {'line': b'-- Installing: /home/patrick/ENAE450_tb_ws/install/turtlebot3_fake_node/share/turtlebot3_fake_node/local_setup.bash\n'}
[16.830047] (turtlebot3_fake_node) StdoutLine: {'line': b'-- Installing: /home/patrick/ENAE450_tb_ws/install/turtlebot3_fake_node/share/turtlebot3_fake_node/local_setup.sh\n'}
[16.831386] (turtlebot3_fake_node) StdoutLine: {'line': b'-- Installing: /home/patrick/ENAE450_tb_ws/install/turtlebot3_fake_node/share/turtlebot3_fake_node/local_setup.zsh\n'}
[16.831755] (turtlebot3_fake_node) StdoutLine: {'line': b'-- Installing: /home/patrick/ENAE450_tb_ws/install/turtlebot3_fake_node/share/turtlebot3_fake_node/local_setup.dsv\n'}
[16.832098] (turtlebot3_fake_node) StdoutLine: {'line': b'-- Installing: /home/patrick/ENAE450_tb_ws/install/turtlebot3_fake_node/share/turtlebot3_fake_node/package.dsv\n'}
[16.852412] (turtlebot3_fake_node) StdoutLine: {'line': b'-- Installing: /home/patrick/ENAE450_tb_ws/install/turtlebot3_fake_node/share/ament_index/resource_index/packages/turtlebot3_fake_node\n'}
[16.852634] (turtlebot3_fake_node) StdoutLine: {'line': b'-- Installing: /home/patrick/ENAE450_tb_ws/install/turtlebot3_fake_node/share/turtlebot3_fake_node/cmake/ament_cmake_export_include_directories-extras.cmake\n'}
[16.852690] (turtlebot3_fake_node) StdoutLine: {'line': b'-- Installing: /home/patrick/ENAE450_tb_ws/install/turtlebot3_fake_node/share/turtlebot3_fake_node/cmake/ament_cmake_export_dependencies-extras.cmake\n'}
[16.852736] (turtlebot3_fake_node) StdoutLine: {'line': b'-- Installing: /home/patrick/ENAE450_tb_ws/install/turtlebot3_fake_node/share/turtlebot3_fake_node/cmake/turtlebot3_fake_nodeConfig.cmake\n'}
[16.852779] (turtlebot3_fake_node) StdoutLine: {'line': b'-- Installing: /home/patrick/ENAE450_tb_ws/install/turtlebot3_fake_node/share/turtlebot3_fake_node/cmake/turtlebot3_fake_nodeConfig-version.cmake\n'}
[16.852821] (turtlebot3_fake_node) StdoutLine: {'line': b'-- Installing: /home/patrick/ENAE450_tb_ws/install/turtlebot3_fake_node/share/turtlebot3_fake_node/package.xml\n'}
[16.858645] (turtlebot3_fake_node) CommandEnded: {'returncode': 0}
[17.900361] (-) TimerEvent: {}
[17.913345] (turtlebot3_fake_node) JobEnded: {'identifier': 'turtlebot3_fake_node', 'rc': 0}
[17.914609] (turtlebot3_controller) JobStarted: {'identifier': 'turtlebot3_controller'}
[18.005397] (-) TimerEvent: {}
[18.909501] (-) TimerEvent: {}
[19.118998] (-) TimerEvent: {}
[19.225672] (-) TimerEvent: {}
[19.330019] (-) TimerEvent: {}
[19.435294] (-) TimerEvent: {}
[19.549132] (-) TimerEvent: {}
[19.859567] (-) TimerEvent: {}
[19.982907] (-) TimerEvent: {}
[20.089286] (-) TimerEvent: {}
[20.094466] (turtlebot3_controller) Command: {'cmd': ['/usr/bin/python3', '-W', 'ignore:setup.py install is deprecated', '-W', 'ignore:easy_install command is deprecated', 'setup.py', 'egg_info', '--egg-base', '../../build/turtlebot3_controller', 'build', '--build-base', '/home/patrick/ENAE450_tb_ws/build/turtlebot3_controller/build', 'install', '--record', '/home/patrick/ENAE450_tb_ws/build/turtlebot3_controller/install.log', '--single-version-externally-managed', 'install_data'], 'cwd': '/home/patrick/ENAE450_tb_ws/src/turtlebot3_controller', 'env': {'LESSOPEN': '| /usr/bin/lesspipe %s', 'USER': 'patrick', 'XDG_SESSION_TYPE': 'wayland', 'SHLVL': '1', 'LD_LIBRARY_PATH': '/usr/lib/x86_64-linux-gnu/gazebo-11/plugins:/opt/ros/humble/opt/rviz_ogre_vendor/lib:/opt/ros/humble/lib/x86_64-linux-gnu:/opt/ros/humble/lib', 'HOME': '/home/patrick', 'OLDPWD': '/home/patrick/ENAE450_tb_ws/src', 'DESKTOP_SESSION': 'ubuntu', 'ROS_PYTHON_VERSION': '3', 'GNOME_SHELL_SESSION_MODE': 'ubuntu', 'GTK_MODULES': 'gail:atk-bridge', 'SYSTEMD_EXEC_PID': '2684', 'DBUS_SESSION_BUS_ADDRESS': 'unix:path=/run/user/1000/bus', 'COLORTERM': 'truecolor', 'IM_CONFIG_PHASE': '1', 'WAYLAND_DISPLAY': 'wayland-0', 'ROS_DISTRO': 'humble', 'LOGNAME': 'patrick', '_': '/usr/bin/colcon', 'ROS_VERSION': '2', 'XDG_SESSION_CLASS': 'user', 'USERNAME': 'patrick', 'TERM': 'xterm-256color', 'GNOME_DESKTOP_SESSION_ID': 'this-is-deprecated', 'ROS_LOCALHOST_ONLY': '0', 'PATH': '/opt/ros/humble/bin:/usr/local/sbin:/usr/local/bin:/usr/sbin:/usr/bin:/sbin:/bin:/usr/games:/usr/local/games:/snap/bin:/snap/bin', 'SESSION_MANAGER': 'local/Ubuntu:@/tmp/.ICE-unix/2663,unix/Ubuntu:/tmp/.ICE-unix/2663', 'XDG_MENU_PREFIX': 'gnome-', 'GNOME_TERMINAL_SCREEN': '/org/gnome/Terminal/screen/c018a4df_a20a_4872_8584_f1078a2959dc', 'GNOME_SETUP_DISPLAY': ':1', 'XDG_RUNTIME_DIR': '/run/user/1000', 'DISPLAY': ':0', 'LANG': 'en_US.UTF-8', 'XDG_CURRENT_DESKTOP': 'ubuntu:GNOME', 'XMODIFIERS': '@im=ibus', 'XDG_SESSION_DESKTOP': 'ubuntu', 'XAUTHORITY': '/run/user/1000/.mutter-Xwaylandauth.9OLL52', 'LS_COLORS': 'rs=0:di=01;34:ln=01;36:mh=00:pi=40;33:so=01;35:do=01;35:bd=40;33;01:cd=40;33;01:or=40;31;01:mi=00:su=37;41:sg=30;43:ca=30;41:tw=30;42:ow=34;42:st=37;44:ex=01;32:*.tar=01;31:*.tgz=01;31:*.arc=01;31:*.arj=01;31:*.taz=01;31:*.lha=01;31:*.lz4=01;31:*.lzh=01;31:*.lzma=01;31:*.tlz=01;31:*.txz=01;31:*.tzo=01;31:*.t7z=01;31:*.zip=01;31:*.z=01;31:*.dz=01;31:*.gz=01;31:*.lrz=01;31:*.lz=01;31:*.lzo=01;31:*.xz=01;31:*.zst=01;31:*.tzst=01;31:*.bz2=01;31:*.bz=01;31:*.tbz=01;31:*.tbz2=01;31:*.tz=01;31:*.deb=01;31:*.rpm=01;31:*.jar=01;31:*.war=01;31:*.ear=01;31:*.sar=01;31:*.rar=01;31:*.alz=01;31:*.ace=01;31:*.zoo=01;31:*.cpio=01;31:*.7z=01;31:*.rz=01;31:*.cab=01;31:*.wim=01;31:*.swm=01;31:*.dwm=01;31:*.esd=01;31:*.jpg=01;35:*.jpeg=01;35:*.mjpg=01;35:*.mjpeg=01;35:*.gif=01;35:*.bmp=01;35:*.pbm=01;35:*.pgm=01;35:*.ppm=01;35:*.tga=01;35:*.xbm=01;35:*.xpm=01;35:*.tif=01;35:*.tiff=01;35:*.png=01;35:*.svg=01;35:*.svgz=01;35:*.mng=01;35:*.pcx=01;35:*.mov=01;35:*.mpg=01;35:*.mpeg=01;35:*.m2v=01;35:*.mkv=01;35:*.webm=01;35:*.webp=01;35:*.ogm=01;35:*.mp4=01;35:*.m4v=01;35:*.mp4v=01;35:*.vob=01;35:*.qt=01;35:*.nuv=01;35:*.wmv=01;35:*.asf=01;35:*.rm=01;35:*.rmvb=01;35:*.flc=01;35:*.avi=01;35:*.fli=01;35:*.flv=01;35:*.gl=01;35:*.dl=01;35:*.xcf=01;35:*.xwd=01;35:*.yuv=01;35:*.cgm=01;35:*.emf=01;35:*.ogv=01;35:*.ogx=01;35:*.aac=00;36:*.au=00;36:*.flac=00;36:*.m4a=00;36:*.mid=00;36:*.midi=00;36:*.mka=00;36:*.mp3=00;36:*.mpc=00;36:*.ogg=00;36:*.ra=00;36:*.wav=00;36:*.oga=00;36:*.opus=00;36:*.spx=00;36:*.xspf=00;36:', 'GNOME_TERMINAL_SERVICE': ':1.113', 'SSH_AGENT_LAUNCHER': 'gnome-keyring', 'SSH_AUTH_SOCK': '/run/user/1000/keyring/ssh', 'ROS_DOMAIN_ID': '0', 'AMENT_PREFIX_PATH': '/opt/ros/humble', 'SHELL': '/bin/bash', 'QT_ACCESSIBILITY': '1', 'GDMSESSION': 'ubuntu', 'LESSCLOSE': '/usr/bin/lesspipe %s %s', 'QT_IM_MODULE': 'ibus', 'PWD': '/home/patrick/ENAE450_tb_ws/build/turtlebot3_controller', 'XDG_CONFIG_DIRS': '/etc/xdg/xdg-ubuntu:/etc/xdg', 'XDG_DATA_DIRS': '/usr/share/ubuntu:/usr/local/share/:/usr/share/:/var/lib/snapd/desktop', 'PYTHONPATH': '/home/patrick/ENAE450_tb_ws/build/turtlebot3_controller/prefix_override:/usr/lib/python3/dist-packages/colcon_core/task/python/colcon_distutils_commands:/home/patrick/ENAE450_tb_ws/install/turtlebot3_controller/lib/python3.10/site-packages:/opt/ros/humble/lib/python3.10/site-packages:/opt/ros/humble/local/lib/python3.10/dist-packages', 'COLCON': '1', 'VTE_VERSION': '6800'}, 'shell': False}
[20.306003] (-) TimerEvent: {}
[20.318733] (turtlebot3_controller) StdoutLine: {'line': b'running egg_info\n'}
[20.318940] (turtlebot3_controller) StdoutLine: {'line': b'creating ../../build/turtlebot3_controller/turtlebot3_controller.egg-info\n'}
[20.318992] (turtlebot3_controller) StdoutLine: {'line': b'writing ../../build/turtlebot3_controller/turtlebot3_controller.egg-info/PKG-INFO\n'}
[20.319201] (turtlebot3_controller) StdoutLine: {'line': b'writing dependency_links to ../../build/turtlebot3_controller/turtlebot3_controller.egg-info/dependency_links.txt\n'}
[20.319249] (turtlebot3_controller) StdoutLine: {'line': b'writing entry points to ../../build/turtlebot3_controller/turtlebot3_controller.egg-info/entry_points.txt\n'}
[20.319291] (turtlebot3_controller) StdoutLine: {'line': b'writing requirements to ../../build/turtlebot3_controller/turtlebot3_controller.egg-info/requires.txt\n'}
[20.319333] (turtlebot3_controller) StdoutLine: {'line': b'writing top-level names to ../../build/turtlebot3_controller/turtlebot3_controller.egg-info/top_level.txt\n'}
[20.319372] (turtlebot3_controller) StdoutLine: {'line': b"writing manifest file '../../build/turtlebot3_controller/turtlebot3_controller.egg-info/SOURCES.txt'\n"}
[20.319412] (turtlebot3_controller) StdoutLine: {'line': b"reading manifest file '../../build/turtlebot3_controller/turtlebot3_controller.egg-info/SOURCES.txt'\n"}
[20.319451] (turtlebot3_controller) StdoutLine: {'line': b"adding license file 'LICENSE'\n"}
[20.319491] (turtlebot3_controller) StdoutLine: {'line': b"writing manifest file '../../build/turtlebot3_controller/turtlebot3_controller.egg-info/SOURCES.txt'\n"}
[20.320034] (turtlebot3_controller) StdoutLine: {'line': b'running build\n'}
[20.320112] (turtlebot3_controller) StdoutLine: {'line': b'running build_py\n'}
[20.320945] (turtlebot3_controller) StdoutLine: {'line': b'creating /home/patrick/ENAE450_tb_ws/build/turtlebot3_controller/build\n'}
[20.321069] (turtlebot3_controller) StdoutLine: {'line': b'creating /home/patrick/ENAE450_tb_ws/build/turtlebot3_controller/build/lib\n'}
[20.321645] (turtlebot3_controller) StdoutLine: {'line': b'creating /home/patrick/ENAE450_tb_ws/build/turtlebot3_controller/build/lib/turtlebot3_controller\n'}
[20.321714] (turtlebot3_controller) StdoutLine: {'line': b'copying turtlebot3_controller/drive_forward.py -> /home/patrick/ENAE450_tb_ws/build/turtlebot3_controller/build/lib/turtlebot3_controller\n'}
[20.322107] (turtlebot3_controller) StdoutLine: {'line': b'copying turtlebot3_controller/wall_following.py -> /home/patrick/ENAE450_tb_ws/build/turtlebot3_controller/build/lib/turtlebot3_controller\n'}
[20.322691] (turtlebot3_controller) StdoutLine: {'line': b'copying turtlebot3_controller/__init__.py -> /home/patrick/ENAE450_tb_ws/build/turtlebot3_controller/build/lib/turtlebot3_controller\n'}
[20.323481] (turtlebot3_controller) StdoutLine: {'line': b'running install\n'}
[20.324708] (turtlebot3_controller) StdoutLine: {'line': b'running install_lib\n'}
[20.326655] (turtlebot3_controller) StdoutLine: {'line': b'creating /home/patrick/ENAE450_tb_ws/install/turtlebot3_controller/lib/python3.10/site-packages/turtlebot3_controller\n'}
[20.326740] (turtlebot3_controller) StdoutLine: {'line': b'copying /home/patrick/ENAE450_tb_ws/build/turtlebot3_controller/build/lib/turtlebot3_controller/drive_forward.py -> /home/patrick/ENAE450_tb_ws/install/turtlebot3_controller/lib/python3.10/site-packages/turtlebot3_controller\n'}
[20.326791] (turtlebot3_controller) StdoutLine: {'line': b'copying /home/patrick/ENAE450_tb_ws/build/turtlebot3_controller/build/lib/turtlebot3_controller/wall_following.py -> /home/patrick/ENAE450_tb_ws/install/turtlebot3_controller/lib/python3.10/site-packages/turtlebot3_controller\n'}
[20.326863] (turtlebot3_controller) StdoutLine: {'line': b'copying /home/patrick/ENAE450_tb_ws/build/turtlebot3_controller/build/lib/turtlebot3_controller/__init__.py -> /home/patrick/ENAE450_tb_ws/install/turtlebot3_controller/lib/python3.10/site-packages/turtlebot3_controller\n'}
[20.326913] (turtlebot3_controller) StdoutLine: {'line': b'byte-compiling /home/patrick/ENAE450_tb_ws/install/turtlebot3_controller/lib/python3.10/site-packages/turtlebot3_controller/drive_forward.py to drive_forward.cpython-310.pyc\n'}
[20.328158] (turtlebot3_controller) StdoutLine: {'line': b'byte-compiling /home/patrick/ENAE450_tb_ws/install/turtlebot3_controller/lib/python3.10/site-packages/turtlebot3_controller/wall_following.py to wall_following.cpython-310.pyc\n'}
[20.332285] (turtlebot3_controller) StdoutLine: {'line': b'byte-compiling /home/patrick/ENAE450_tb_ws/install/turtlebot3_controller/lib/python3.10/site-packages/turtlebot3_controller/__init__.py to __init__.cpython-310.pyc\n'}
[20.332447] (turtlebot3_controller) StdoutLine: {'line': b'running install_data\n'}
[20.332497] (turtlebot3_controller) StdoutLine: {'line': b'creating /home/patrick/ENAE450_tb_ws/install/turtlebot3_controller/share/ament_index\n'}
[20.332542] (turtlebot3_controller) StdoutLine: {'line': b'creating /home/patrick/ENAE450_tb_ws/install/turtlebot3_controller/share/ament_index/resource_index\n'}
[20.332593] (turtlebot3_controller) StdoutLine: {'line': b'creating /home/patrick/ENAE450_tb_ws/install/turtlebot3_controller/share/ament_index/resource_index/packages\n'}
[20.332637] (turtlebot3_controller) StdoutLine: {'line': b'copying resource/turtlebot3_controller -> /home/patrick/ENAE450_tb_ws/install/turtlebot3_controller/share/ament_index/resource_index/packages\n'}
[20.332681] (turtlebot3_controller) StdoutLine: {'line': b'copying package.xml -> /home/patrick/ENAE450_tb_ws/install/turtlebot3_controller/share/turtlebot3_controller\n'}
[20.332725] (turtlebot3_controller) StdoutLine: {'line': b'running install_egg_info\n'}
[20.332811] (turtlebot3_controller) StdoutLine: {'line': b'Copying ../../build/turtlebot3_controller/turtlebot3_controller.egg-info to /home/patrick/ENAE450_tb_ws/install/turtlebot3_controller/lib/python3.10/site-packages/turtlebot3_controller-0.0.0-py3.10.egg-info\n'}
[20.334179] (turtlebot3_controller) StdoutLine: {'line': b'running install_scripts\n'}
[20.352464] (turtlebot3_controller) StdoutLine: {'line': b'Installing drive_forward script to /home/patrick/ENAE450_tb_ws/install/turtlebot3_controller/lib/turtlebot3_controller\n'}
[20.353200] (turtlebot3_controller) StdoutLine: {'line': b"writing list of installed files to '/home/patrick/ENAE450_tb_ws/build/turtlebot3_controller/install.log'\n"}
[20.382257] (turtlebot3_controller) CommandEnded: {'returncode': 0}
[20.386434] (turtlebot3_controller) JobEnded: {'identifier': 'turtlebot3_controller', 'rc': 0}
[20.468946] (-) TimerEvent: {}
[20.585299] (-) TimerEvent: {}
[20.901908] (-) TimerEvent: {}
[21.012001] (-) TimerEvent: {}
[21.267777] (-) TimerEvent: {}
[21.281534] (turtlebot3_gazebo) StdoutLine: {'line': b'[ 25%] \x1b[32m\x1b[1mLinking CXX shared library libtraffic_light_plugin.so\x1b[0m\n'}
[21.376302] (turtlebot3_gazebo) StdoutLine: {'line': b'[ 33%] \x1b[32m\x1b[1mLinking CXX executable turtlebot3_drive\x1b[0m\n'}
[21.376487] (-) TimerEvent: {}
[21.477209] (-) TimerEvent: {}
[21.582389] (-) TimerEvent: {}
[21.612434] (turtlebot3_gazebo) StdoutLine: {'line': b'[ 33%] Built target traffic_light_plugin\n'}
[21.644559] (turtlebot3_gazebo) StdoutLine: {'line': b'[ 41%] \x1b[32mBuilding CXX object CMakeFiles/traffic_bar_plugin.dir/src/traffic_bar_plugin.cpp.o\x1b[0m\n'}
[21.688809] (-) TimerEvent: {}
[21.838593] (-) TimerEvent: {}
[21.946339] (-) TimerEvent: {}
[21.980159] (turtlebot3_gazebo) StdoutLine: {'line': b'[ 41%] Built target turtlebot3_drive\n'}
[22.015800] (turtlebot3_gazebo) StdoutLine: {'line': b'[ 50%] \x1b[32mBuilding CXX object CMakeFiles/obstacle1.dir/src/obstacle1.cpp.o\x1b[0m\n'}
[22.902755] (-) TimerEvent: {}
[24.898188] (-) TimerEvent: {}
[25.903542] (-) TimerEvent: {}
[26.904444] (-) TimerEvent: {}
[27.014486] (-) TimerEvent: {}
[27.279707] (-) TimerEvent: {}
[27.896626] (-) TimerEvent: {}
[28.007546] (-) TimerEvent: {}
[28.112634] (-) TimerEvent: {}
[28.219807] (-) TimerEvent: {}
[28.908987] (-) TimerEvent: {}
[29.018508] (-) TimerEvent: {}
[29.122379] (-) TimerEvent: {}
[29.229468] (-) TimerEvent: {}
[29.330368] (-) TimerEvent: {}
[29.897047] (-) TimerEvent: {}
[29.998360] (-) TimerEvent: {}
[30.898437] (-) TimerEvent: {}
[31.003893] (-) TimerEvent: {}
[31.111579] (-) TimerEvent: {}
[31.902464] (-) TimerEvent: {}
[32.285678] (-) TimerEvent: {}
[32.386554] (-) TimerEvent: {}
[32.488198] (-) TimerEvent: {}
[32.589312] (-) TimerEvent: {}
[32.692448] (-) TimerEvent: {}
[32.797524] (-) TimerEvent: {}
[32.903846] (-) TimerEvent: {}
[32.975516] (turtlebot3_gazebo) StdoutLine: {'line': b'[ 58%] \x1b[32m\x1b[1mLinking CXX shared library libtraffic_bar_plugin.so\x1b[0m\n'}
[33.012245] (-) TimerEvent: {}
[33.118721] (-) TimerEvent: {}
[33.219363] (-) TimerEvent: {}
[33.259849] (turtlebot3_gazebo) StdoutLine: {'line': b'[ 58%] Built target traffic_bar_plugin\n'}
[33.319657] (-) TimerEvent: {}
[33.420353] (-) TimerEvent: {}
[33.488723] (turtlebot3_gazebo) StdoutLine: {'line': b'[ 66%] \x1b[32m\x1b[1mLinking CXX shared library libobstacle1.so\x1b[0m\n'}
[33.520600] (-) TimerEvent: {}
[33.621438] (-) TimerEvent: {}
[33.724360] (-) TimerEvent: {}
[33.758094] (turtlebot3_gazebo) StdoutLine: {'line': b'[ 66%] Built target obstacle1\n'}
[33.793703] (turtlebot3_gazebo) StdoutLine: {'line': b'[ 75%] \x1b[32mBuilding CXX object CMakeFiles/obstacle2.dir/src/obstacle2.cpp.o\x1b[0m\n'}
[33.824423] (-) TimerEvent: {}
[33.924874] (-) TimerEvent: {}
[34.025804] (-) TimerEvent: {}
[34.126855] (-) TimerEvent: {}
[34.227819] (-) TimerEvent: {}
[34.328505] (-) TimerEvent: {}
[34.429425] (-) TimerEvent: {}
[34.530492] (-) TimerEvent: {}
[34.630822] (-) TimerEvent: {}
[34.732076] (-) TimerEvent: {}
[34.833468] (-) TimerEvent: {}
[34.934275] (-) TimerEvent: {}
[35.901403] (-) TimerEvent: {}
[36.897622] (-) TimerEvent: {}
[37.903910] (-) TimerEvent: {}
[38.901261] (-) TimerEvent: {}
[39.901078] (-) TimerEvent: {}
[40.901049] (-) TimerEvent: {}
[41.796257] (-) TimerEvent: {}
[41.898297] (-) TimerEvent: {}
[42.003853] (-) TimerEvent: {}
[42.108825] (-) TimerEvent: {}
[42.211073] (-) TimerEvent: {}
[42.311609] (-) TimerEvent: {}
[42.412555] (-) TimerEvent: {}
[42.513231] (-) TimerEvent: {}
[42.613595] (-) TimerEvent: {}
[42.714573] (-) TimerEvent: {}
[42.815607] (-) TimerEvent: {}
[42.916160] (-) TimerEvent: {}
[43.017177] (-) TimerEvent: {}
[43.118393] (-) TimerEvent: {}
[43.218780] (-) TimerEvent: {}
[43.319236] (-) TimerEvent: {}
[43.419666] (-) TimerEvent: {}
[43.520455] (-) TimerEvent: {}
[43.620806] (-) TimerEvent: {}
[43.721193] (-) TimerEvent: {}
[43.822088] (-) TimerEvent: {}
[43.923489] (-) TimerEvent: {}
[44.024484] (-) TimerEvent: {}
[44.125269] (-) TimerEvent: {}
[44.225666] (-) TimerEvent: {}
[44.326410] (-) TimerEvent: {}
[44.427046] (-) TimerEvent: {}
[44.527602] (-) TimerEvent: {}
[44.628310] (-) TimerEvent: {}
[44.728659] (-) TimerEvent: {}
[44.829339] (-) TimerEvent: {}
[44.929914] (-) TimerEvent: {}
[44.991728] (turtlebot3_gazebo) StdoutLine: {'line': b'[ 83%] \x1b[32m\x1b[1mLinking CXX shared library libobstacle2.so\x1b[0m\n'}
[45.030057] (-) TimerEvent: {}
[45.130537] (-) TimerEvent: {}
[45.232040] (-) TimerEvent: {}
[45.292529] (turtlebot3_gazebo) StdoutLine: {'line': b'[ 83%] Built target obstacle2\n'}
[45.332623] (-) TimerEvent: {}
[45.333022] (turtlebot3_gazebo) StdoutLine: {'line': b'[ 91%] \x1b[32mBuilding CXX object CMakeFiles/obstacles.dir/src/obstacles.cpp.o\x1b[0m\n'}
[45.904487] (-) TimerEvent: {}
[46.006692] (-) TimerEvent: {}
[46.107293] (-) TimerEvent: {}
[46.896028] (-) TimerEvent: {}
[47.896430] (-) TimerEvent: {}
[48.003751] (-) TimerEvent: {}
[48.897303] (-) TimerEvent: {}
[49.898822] (-) TimerEvent: {}
[50.897510] (-) TimerEvent: {}
[51.898070] (-) TimerEvent: {}
[52.897334] (-) TimerEvent: {}
[53.000268] (-) TimerEvent: {}
[53.100837] (-) TimerEvent: {}
[53.201793] (-) TimerEvent: {}
[53.302251] (-) TimerEvent: {}
[53.403108] (-) TimerEvent: {}
[53.503702] (-) TimerEvent: {}
[53.604303] (-) TimerEvent: {}
[53.704905] (-) TimerEvent: {}
[53.805463] (-) TimerEvent: {}
[53.906017] (-) TimerEvent: {}
[54.006981] (-) TimerEvent: {}
[54.107773] (-) TimerEvent: {}
[54.208337] (-) TimerEvent: {}
[54.309362] (-) TimerEvent: {}
[54.409756] (-) TimerEvent: {}
[54.510227] (-) TimerEvent: {}
[54.610833] (-) TimerEvent: {}
[54.711932] (-) TimerEvent: {}
[54.812281] (-) TimerEvent: {}
[54.912662] (-) TimerEvent: {}
[55.013269] (-) TimerEvent: {}
[55.113843] (-) TimerEvent: {}
[55.214810] (-) TimerEvent: {}
[55.315859] (-) TimerEvent: {}
[55.416327] (-) TimerEvent: {}
[55.516870] (-) TimerEvent: {}
[55.617459] (-) TimerEvent: {}
[55.718263] (-) TimerEvent: {}
[55.731564] (turtlebot3_gazebo) StdoutLine: {'line': b'[100%] \x1b[32m\x1b[1mLinking CXX shared library libobstacles.so\x1b[0m\n'}
[55.900721] (-) TimerEvent: {}
[55.973395] (turtlebot3_gazebo) StdoutLine: {'line': b'[100%] Built target obstacles\n'}
[55.991993] (turtlebot3_gazebo) CommandEnded: {'returncode': 0}
[55.993504] (turtlebot3_gazebo) JobProgress: {'identifier': 'turtlebot3_gazebo', 'progress': 'install'}
[55.995477] (turtlebot3_gazebo) Command: {'cmd': ['/usr/bin/cmake', '--install', '/home/patrick/ENAE450_tb_ws/build/turtlebot3_gazebo'], 'cwd': '/home/patrick/ENAE450_tb_ws/build/turtlebot3_gazebo', 'env': OrderedDict([('LESSOPEN', '| /usr/bin/lesspipe %s'), ('USER', 'patrick'), ('XDG_SESSION_TYPE', 'wayland'), ('SHLVL', '1'), ('LD_LIBRARY_PATH', '/usr/lib/x86_64-linux-gnu/gazebo-11/plugins:/opt/ros/humble/opt/rviz_ogre_vendor/lib:/opt/ros/humble/lib/x86_64-linux-gnu:/opt/ros/humble/lib'), ('HOME', '/home/patrick'), ('OLDPWD', '/home/patrick/ENAE450_tb_ws/src'), ('DESKTOP_SESSION', 'ubuntu'), ('ROS_PYTHON_VERSION', '3'), ('GNOME_SHELL_SESSION_MODE', 'ubuntu'), ('GTK_MODULES', 'gail:atk-bridge'), ('SYSTEMD_EXEC_PID', '2684'), ('DBUS_SESSION_BUS_ADDRESS', 'unix:path=/run/user/1000/bus'), ('COLORTERM', 'truecolor'), ('IM_CONFIG_PHASE', '1'), ('WAYLAND_DISPLAY', 'wayland-0'), ('ROS_DISTRO', 'humble'), ('LOGNAME', 'patrick'), ('_', '/usr/bin/colcon'), ('ROS_VERSION', '2'), ('XDG_SESSION_CLASS', 'user'), ('USERNAME', 'patrick'), ('TERM', 'xterm-256color'), ('GNOME_DESKTOP_SESSION_ID', 'this-is-deprecated'), ('ROS_LOCALHOST_ONLY', '0'), ('PATH', '/opt/ros/humble/bin:/usr/local/sbin:/usr/local/bin:/usr/sbin:/usr/bin:/sbin:/bin:/usr/games:/usr/local/games:/snap/bin:/snap/bin'), ('SESSION_MANAGER', 'local/Ubuntu:@/tmp/.ICE-unix/2663,unix/Ubuntu:/tmp/.ICE-unix/2663'), ('XDG_MENU_PREFIX', 'gnome-'), ('GNOME_TERMINAL_SCREEN', '/org/gnome/Terminal/screen/c018a4df_a20a_4872_8584_f1078a2959dc'), ('GNOME_SETUP_DISPLAY', ':1'), ('XDG_RUNTIME_DIR', '/run/user/1000'), ('DISPLAY', ':0'), ('LANG', 'en_US.UTF-8'), ('XDG_CURRENT_DESKTOP', 'ubuntu:GNOME'), ('XMODIFIERS', '@im=ibus'), ('XDG_SESSION_DESKTOP', 'ubuntu'), ('XAUTHORITY', '/run/user/1000/.mutter-Xwaylandauth.9OLL52'), ('LS_COLORS', 'rs=0:di=01;34:ln=01;36:mh=00:pi=40;33:so=01;35:do=01;35:bd=40;33;01:cd=40;33;01:or=40;31;01:mi=00:su=37;41:sg=30;43:ca=30;41:tw=30;42:ow=34;42:st=37;44:ex=01;32:*.tar=01;31:*.tgz=01;31:*.arc=01;31:*.arj=01;31:*.taz=01;31:*.lha=01;31:*.lz4=01;31:*.lzh=01;31:*.lzma=01;31:*.tlz=01;31:*.txz=01;31:*.tzo=01;31:*.t7z=01;31:*.zip=01;31:*.z=01;31:*.dz=01;31:*.gz=01;31:*.lrz=01;31:*.lz=01;31:*.lzo=01;31:*.xz=01;31:*.zst=01;31:*.tzst=01;31:*.bz2=01;31:*.bz=01;31:*.tbz=01;31:*.tbz2=01;31:*.tz=01;31:*.deb=01;31:*.rpm=01;31:*.jar=01;31:*.war=01;31:*.ear=01;31:*.sar=01;31:*.rar=01;31:*.alz=01;31:*.ace=01;31:*.zoo=01;31:*.cpio=01;31:*.7z=01;31:*.rz=01;31:*.cab=01;31:*.wim=01;31:*.swm=01;31:*.dwm=01;31:*.esd=01;31:*.jpg=01;35:*.jpeg=01;35:*.mjpg=01;35:*.mjpeg=01;35:*.gif=01;35:*.bmp=01;35:*.pbm=01;35:*.pgm=01;35:*.ppm=01;35:*.tga=01;35:*.xbm=01;35:*.xpm=01;35:*.tif=01;35:*.tiff=01;35:*.png=01;35:*.svg=01;35:*.svgz=01;35:*.mng=01;35:*.pcx=01;35:*.mov=01;35:*.mpg=01;35:*.mpeg=01;35:*.m2v=01;35:*.mkv=01;35:*.webm=01;35:*.webp=01;35:*.ogm=01;35:*.mp4=01;35:*.m4v=01;35:*.mp4v=01;35:*.vob=01;35:*.qt=01;35:*.nuv=01;35:*.wmv=01;35:*.asf=01;35:*.rm=01;35:*.rmvb=01;35:*.flc=01;35:*.avi=01;35:*.fli=01;35:*.flv=01;35:*.gl=01;35:*.dl=01;35:*.xcf=01;35:*.xwd=01;35:*.yuv=01;35:*.cgm=01;35:*.emf=01;35:*.ogv=01;35:*.ogx=01;35:*.aac=00;36:*.au=00;36:*.flac=00;36:*.m4a=00;36:*.mid=00;36:*.midi=00;36:*.mka=00;36:*.mp3=00;36:*.mpc=00;36:*.ogg=00;36:*.ra=00;36:*.wav=00;36:*.oga=00;36:*.opus=00;36:*.spx=00;36:*.xspf=00;36:'), ('GNOME_TERMINAL_SERVICE', ':1.113'), ('SSH_AGENT_LAUNCHER', 'gnome-keyring'), ('SSH_AUTH_SOCK', '/run/user/1000/keyring/ssh'), ('ROS_DOMAIN_ID', '0'), ('AMENT_PREFIX_PATH', '/opt/ros/humble'), ('SHELL', '/bin/bash'), ('QT_ACCESSIBILITY', '1'), ('GDMSESSION', 'ubuntu'), ('LESSCLOSE', '/usr/bin/lesspipe %s %s'), ('QT_IM_MODULE', 'ibus'), ('PWD', '/home/patrick/ENAE450_tb_ws/build/turtlebot3_gazebo'), ('XDG_CONFIG_DIRS', '/etc/xdg/xdg-ubuntu:/etc/xdg'), ('XDG_DATA_DIRS', '/usr/share/ubuntu:/usr/local/share/:/usr/share/:/var/lib/snapd/desktop'), ('PYTHONPATH', '/opt/ros/humble/lib/python3.10/site-packages:/opt/ros/humble/local/lib/python3.10/dist-packages'), ('COLCON', '1'), ('VTE_VERSION', '6800'), ('CMAKE_PREFIX_PATH', '/opt/ros/humble')]), 'shell': False}
[56.002701] (-) TimerEvent: {}
[56.005018] (turtlebot3_gazebo) StdoutLine: {'line': b'-- Install configuration: ""\n'}
[56.005626] (turtlebot3_gazebo) StdoutLine: {'line': b'-- Installing: /home/patrick/ENAE450_tb_ws/install/turtlebot3_gazebo/lib/turtlebot3_gazebo/turtlebot3_drive\n'}
[56.012333] (turtlebot3_gazebo) StdoutLine: {'line': b'-- Set runtime path of "/home/patrick/ENAE450_tb_ws/install/turtlebot3_gazebo/lib/turtlebot3_gazebo/turtlebot3_drive" to ""\n'}
[56.012666] (turtlebot3_gazebo) StdoutLine: {'line': b'-- Installing: /home/patrick/ENAE450_tb_ws/install/turtlebot3_gazebo/share/turtlebot3_gazebo//launch\n'}
[56.012782] (turtlebot3_gazebo) StdoutLine: {'line': b'-- Installing: /home/patrick/ENAE450_tb_ws/install/turtlebot3_gazebo/share/turtlebot3_gazebo//launch/turtlebot3_dqn_stage4.launch.py\n'}
[56.012875] (turtlebot3_gazebo) StdoutLine: {'line': b'-- Installing: /home/patrick/ENAE450_tb_ws/install/turtlebot3_gazebo/share/turtlebot3_gazebo//launch/multi_robot.launch.py\n'}
[56.012929] (turtlebot3_gazebo) StdoutLine: {'line': b'-- Installing: /home/patrick/ENAE450_tb_ws/install/turtlebot3_gazebo/share/turtlebot3_gazebo//launch/turtlebot3_dqn_stage3.launch.py\n'}
[56.013609] (turtlebot3_gazebo) StdoutLine: {'line': b'-- Installing: /home/patrick/ENAE450_tb_ws/install/turtlebot3_gazebo/share/turtlebot3_gazebo//launch/multi_spawn_turtlebot3.launch.py\n'}
[56.014112] (turtlebot3_gazebo) StdoutLine: {'line': b'-- Installing: /home/patrick/ENAE450_tb_ws/install/turtlebot3_gazebo/share/turtlebot3_gazebo//launch/empty_world.launch.py\n'}
[56.014206] (turtlebot3_gazebo) StdoutLine: {'line': b'-- Installing: /home/patrick/ENAE450_tb_ws/install/turtlebot3_gazebo/share/turtlebot3_gazebo//launch/turtlebot3_autorace_2020.launch.py\n'}
[56.014267] (turtlebot3_gazebo) StdoutLine: {'line': b'-- Installing: /home/patrick/ENAE450_tb_ws/install/turtlebot3_gazebo/share/turtlebot3_gazebo//launch/spawn_turtlebot3.launch.py\n'}
[56.014313] (turtlebot3_gazebo) StdoutLine: {'line': b'-- Installing: /home/patrick/ENAE450_tb_ws/install/turtlebot3_gazebo/share/turtlebot3_gazebo//launch/robot_state_publisher.launch.py\n'}
[56.014358] (turtlebot3_gazebo) StdoutLine: {'line': b'-- Installing: /home/patrick/ENAE450_tb_ws/install/turtlebot3_gazebo/share/turtlebot3_gazebo//launch/turtlebot3_dqn_stage1.launch.py\n'}
[56.014437] (turtlebot3_gazebo) StdoutLine: {'line': b'-- Installing: /home/patrick/ENAE450_tb_ws/install/turtlebot3_gazebo/share/turtlebot3_gazebo//launch/turtlebot3_dqn_stage2.launch.py\n'}
[56.014515] (turtlebot3_gazebo) StdoutLine: {'line': b'-- Installing: /home/patrick/ENAE450_tb_ws/install/turtlebot3_gazebo/share/turtlebot3_gazebo//launch/turtlebot3_house.launch.py\n'}
[56.014891] (turtlebot3_gazebo) StdoutLine: {'line': b'-- Installing: /home/patrick/ENAE450_tb_ws/install/turtlebot3_gazebo/share/turtlebot3_gazebo//launch/turtlebot3_world.launch.py\n'}
[56.073561] (turtlebot3_gazebo) StdoutLine: {'line': b'-- Installing: /home/patrick/ENAE450_tb_ws/install/turtlebot3_gazebo/share/turtlebot3_gazebo//models\n'}
[56.073698] (turtlebot3_gazebo) StdoutLine: {'line': b'-- Installing: /home/patrick/ENAE450_tb_ws/install/turtlebot3_gazebo/share/turtlebot3_gazebo//models/turtlebot3_common\n'}
[56.073749] (turtlebot3_gazebo) StdoutLine: {'line': b'-- Installing: /home/patrick/ENAE450_tb_ws/install/turtlebot3_gazebo/share/turtlebot3_gazebo//models/turtlebot3_common/model.config\n'}
[56.073809] (turtlebot3_gazebo) StdoutLine: {'line': b'-- Installing: /home/patrick/ENAE450_tb_ws/install/turtlebot3_gazebo/share/turtlebot3_gazebo//models/turtlebot3_common/meshes\n'}
[56.075530] (turtlebot3_gazebo) StdoutLine: {'line': b'-- Installing: /home/patrick/ENAE450_tb_ws/install/turtlebot3_gazebo/share/turtlebot3_gazebo//models/turtlebot3_common/meshes/waffle_pi_base.dae\n'}
[56.075581] (turtlebot3_gazebo) StdoutLine: {'line': b'-- Installing: /home/patrick/ENAE450_tb_ws/install/turtlebot3_gazebo/share/turtlebot3_gazebo//models/turtlebot3_common/meshes/r200.dae\n'}
[56.076123] (turtlebot3_gazebo) StdoutLine: {'line': b'-- Installing: /home/patrick/ENAE450_tb_ws/install/turtlebot3_gazebo/share/turtlebot3_gazebo//models/turtlebot3_common/meshes/tire.dae\n'}
[56.076220] (turtlebot3_gazebo) StdoutLine: {'line': b'-- Installing: /home/patrick/ENAE450_tb_ws/install/turtlebot3_gazebo/share/turtlebot3_gazebo//models/turtlebot3_common/meshes/lds.dae\n'}
[56.076277] (turtlebot3_gazebo) StdoutLine: {'line': b'-- Installing: /home/patrick/ENAE450_tb_ws/install/turtlebot3_gazebo/share/turtlebot3_gazebo//models/turtlebot3_common/meshes/sensors\n'}
[56.076321] (turtlebot3_gazebo) StdoutLine: {'line': b'-- Installing: /home/patrick/ENAE450_tb_ws/install/turtlebot3_gazebo/share/turtlebot3_gazebo//models/turtlebot3_common/meshes/sensors/r200.dae\n'}
[56.076362] (turtlebot3_gazebo) StdoutLine: {'line': b'-- Installing: /home/patrick/ENAE450_tb_ws/install/turtlebot3_gazebo/share/turtlebot3_gazebo//models/turtlebot3_common/meshes/sensors/lds.stl\n'}
[56.076402] (turtlebot3_gazebo) StdoutLine: {'line': b'-- Installing: /home/patrick/ENAE450_tb_ws/install/turtlebot3_gazebo/share/turtlebot3_gazebo//models/turtlebot3_common/meshes/sensors/astra.jpg\n'}
[56.076442] (turtlebot3_gazebo) StdoutLine: {'line': b'-- Installing: /home/patrick/ENAE450_tb_ws/install/turtlebot3_gazebo/share/turtlebot3_gazebo//models/turtlebot3_common/meshes/sensors/r200.jpg\n'}
[56.076482] (turtlebot3_gazebo) StdoutLine: {'line': b'-- Installing: /home/patrick/ENAE450_tb_ws/install/turtlebot3_gazebo/share/turtlebot3_gazebo//models/turtlebot3_common/meshes/sensors/astra.dae\n'}
[56.076522] (turtlebot3_gazebo) StdoutLine: {'line': b'-- Installing: /home/patrick/ENAE450_tb_ws/install/turtlebot3_gazebo/share/turtlebot3_gazebo//models/turtlebot3_common/meshes/burger_base.dae\n'}
[56.076563] (turtlebot3_gazebo) StdoutLine: {'line': b'-- Installing: /home/patrick/ENAE450_tb_ws/install/turtlebot3_gazebo/share/turtlebot3_gazebo//models/turtlebot3_common/meshes/wheels\n'}
[56.076604] (turtlebot3_gazebo) StdoutLine: {'line': b'-- Installing: /home/patrick/ENAE450_tb_ws/install/turtlebot3_gazebo/share/turtlebot3_gazebo//models/turtlebot3_common/meshes/wheels/right_tire.stl\n'}
[56.076644] (turtlebot3_gazebo) StdoutLine: {'line': b'-- Installing: /home/patrick/ENAE450_tb_ws/install/turtlebot3_gazebo/share/turtlebot3_gazebo//models/turtlebot3_common/meshes/wheels/left_tire.stl\n'}
[56.076685] (turtlebot3_gazebo) StdoutLine: {'line': b'-- Installing: /home/patrick/ENAE450_tb_ws/install/turtlebot3_gazebo/share/turtlebot3_gazebo//models/turtlebot3_common/meshes/bases\n'}
[56.076740] (turtlebot3_gazebo) StdoutLine: {'line': b'-- Installing: /home/patrick/ENAE450_tb_ws/install/turtlebot3_gazebo/share/turtlebot3_gazebo//models/turtlebot3_common/meshes/bases/burger_base.stl\n'}
[56.076783] (turtlebot3_gazebo) StdoutLine: {'line': b'-- Installing: /home/patrick/ENAE450_tb_ws/install/turtlebot3_gazebo/share/turtlebot3_gazebo//models/turtlebot3_common/meshes/bases/waffle_base.stl\n'}
[56.076824] (turtlebot3_gazebo) StdoutLine: {'line': b'-- Installing: /home/patrick/ENAE450_tb_ws/install/turtlebot3_gazebo/share/turtlebot3_gazebo//models/turtlebot3_common/meshes/bases/waffle_pi_base.stl\n'}
[56.076866] (turtlebot3_gazebo) StdoutLine: {'line': b'-- Installing: /home/patrick/ENAE450_tb_ws/install/turtlebot3_gazebo/share/turtlebot3_gazebo//models/turtlebot3_common/meshes/waffle_base.dae\n'}
[56.076919] (turtlebot3_gazebo) StdoutLine: {'line': b'-- Installing: /home/patrick/ENAE450_tb_ws/install/turtlebot3_gazebo/share/turtlebot3_gazebo//models/turtlebot3_burger_cam\n'}
[56.076966] (turtlebot3_gazebo) StdoutLine: {'line': b'-- Installing: /home/patrick/ENAE450_tb_ws/install/turtlebot3_gazebo/share/turtlebot3_gazebo//models/turtlebot3_burger_cam/model.config\n'}
[56.077008] (turtlebot3_gazebo) StdoutLine: {'line': b'-- Installing: /home/patrick/ENAE450_tb_ws/install/turtlebot3_gazebo/share/turtlebot3_gazebo//models/turtlebot3_burger_cam/model-1_4.sdf\n'}
[56.077051] (turtlebot3_gazebo) StdoutLine: {'line': b'-- Installing: /home/patrick/ENAE450_tb_ws/install/turtlebot3_gazebo/share/turtlebot3_gazebo//models/turtlebot3_burger_cam/model.sdf\n'}
[56.077092] (turtlebot3_gazebo) StdoutLine: {'line': b'-- Installing: /home/patrick/ENAE450_tb_ws/install/turtlebot3_gazebo/share/turtlebot3_gazebo//models/turtlebot3_dqn_world\n'}
[56.077139] (turtlebot3_gazebo) StdoutLine: {'line': b'-- Installing: /home/patrick/ENAE450_tb_ws/install/turtlebot3_gazebo/share/turtlebot3_gazebo//models/turtlebot3_dqn_world/inner_walls\n'}
[56.077217] (turtlebot3_gazebo) StdoutLine: {'line': b'-- Installing: /home/patrick/ENAE450_tb_ws/install/turtlebot3_gazebo/share/turtlebot3_gazebo//models/turtlebot3_dqn_world/inner_walls/model.config\n'}
[56.077266] (turtlebot3_gazebo) StdoutLine: {'line': b'-- Installing: /home/patrick/ENAE450_tb_ws/install/turtlebot3_gazebo/share/turtlebot3_gazebo//models/turtlebot3_dqn_world/inner_walls/model.sdf\n'}
[56.077309] (turtlebot3_gazebo) StdoutLine: {'line': b'-- Installing: /home/patrick/ENAE450_tb_ws/install/turtlebot3_gazebo/share/turtlebot3_gazebo//models/turtlebot3_dqn_world/goal_box\n'}
[56.077351] (turtlebot3_gazebo) StdoutLine: {'line': b'-- Installing: /home/patrick/ENAE450_tb_ws/install/turtlebot3_gazebo/share/turtlebot3_gazebo//models/turtlebot3_dqn_world/goal_box/model.config\n'}
[56.077393] (turtlebot3_gazebo) StdoutLine: {'line': b'-- Installing: /home/patrick/ENAE450_tb_ws/install/turtlebot3_gazebo/share/turtlebot3_gazebo//models/turtlebot3_dqn_world/goal_box/model.sdf\n'}
[56.077434] (turtlebot3_gazebo) StdoutLine: {'line': b'-- Installing: /home/patrick/ENAE450_tb_ws/install/turtlebot3_gazebo/share/turtlebot3_gazebo//models/turtlebot3_dqn_world/model.config\n'}
[56.077476] (turtlebot3_gazebo) StdoutLine: {'line': b'-- Installing: /home/patrick/ENAE450_tb_ws/install/turtlebot3_gazebo/share/turtlebot3_gazebo//models/turtlebot3_dqn_world/obstacle1\n'}
[56.077518] (turtlebot3_gazebo) StdoutLine: {'line': b'-- Installing: /home/patrick/ENAE450_tb_ws/install/turtlebot3_gazebo/share/turtlebot3_gazebo//models/turtlebot3_dqn_world/obstacle1/model.config\n'}
[56.077559] (turtlebot3_gazebo) StdoutLine: {'line': b'-- Installing: /home/patrick/ENAE450_tb_ws/install/turtlebot3_gazebo/share/turtlebot3_gazebo//models/turtlebot3_dqn_world/obstacle1/model.sdf\n'}
[56.077601] (turtlebot3_gazebo) StdoutLine: {'line': b'-- Installing: /home/patrick/ENAE450_tb_ws/install/turtlebot3_gazebo/share/turtlebot3_gazebo//models/turtlebot3_dqn_world/obstacle2\n'}
[56.078512] (turtlebot3_gazebo) StdoutLine: {'line': b'-- Installing: /home/patrick/ENAE450_tb_ws/install/turtlebot3_gazebo/share/turtlebot3_gazebo//models/turtlebot3_dqn_world/obstacle2/model.config\n'}
[56.078587] (turtlebot3_gazebo) StdoutLine: {'line': b'-- Installing: /home/patrick/ENAE450_tb_ws/install/turtlebot3_gazebo/share/turtlebot3_gazebo//models/turtlebot3_dqn_world/obstacle2/model.sdf\n'}
[56.078634] (turtlebot3_gazebo) StdoutLine: {'line': b'-- Installing: /home/patrick/ENAE450_tb_ws/install/turtlebot3_gazebo/share/turtlebot3_gazebo//models/turtlebot3_dqn_world/obstacles\n'}
[56.078679] (turtlebot3_gazebo) StdoutLine: {'line': b'-- Installing: /home/patrick/ENAE450_tb_ws/install/turtlebot3_gazebo/share/turtlebot3_gazebo//models/turtlebot3_dqn_world/obstacles/model.config\n'}
[56.078722] (turtlebot3_gazebo) StdoutLine: {'line': b'-- Installing: /home/patrick/ENAE450_tb_ws/install/turtlebot3_gazebo/share/turtlebot3_gazebo//models/turtlebot3_dqn_world/obstacles/model.sdf\n'}
[56.078775] (turtlebot3_gazebo) StdoutLine: {'line': b'-- Installing: /home/patrick/ENAE450_tb_ws/install/turtlebot3_gazebo/share/turtlebot3_gazebo//models/turtlebot3_dqn_world/model.sdf\n'}
[56.078819] (turtlebot3_gazebo) StdoutLine: {'line': b'-- Installing: /home/patrick/ENAE450_tb_ws/install/turtlebot3_gazebo/share/turtlebot3_gazebo//models/turtlebot3_waffle\n'}
[56.078862] (turtlebot3_gazebo) StdoutLine: {'line': b'-- Installing: /home/patrick/ENAE450_tb_ws/install/turtlebot3_gazebo/share/turtlebot3_gazebo//models/turtlebot3_waffle/model.config\n'}
[56.078904] (turtlebot3_gazebo) StdoutLine: {'line': b'-- Installing: /home/patrick/ENAE450_tb_ws/install/turtlebot3_gazebo/share/turtlebot3_gazebo//models/turtlebot3_waffle/model-1_4.sdf\n'}
[56.078947] (turtlebot3_gazebo) StdoutLine: {'line': b'-- Installing: /home/patrick/ENAE450_tb_ws/install/turtlebot3_gazebo/share/turtlebot3_gazebo//models/turtlebot3_waffle/model.sdf\n'}
[56.078995] (turtlebot3_gazebo) StdoutLine: {'line': b'-- Installing: /home/patrick/ENAE450_tb_ws/install/turtlebot3_gazebo/share/turtlebot3_gazebo//models/turtlebot3_autorace_2020\n'}
[56.079038] (turtlebot3_gazebo) StdoutLine: {'line': b'-- Installing: /home/patrick/ENAE450_tb_ws/install/turtlebot3_gazebo/share/turtlebot3_gazebo//models/turtlebot3_autorace_2020/traffic_bar\n'}
[56.079081] (turtlebot3_gazebo) StdoutLine: {'line': b'-- Installing: /home/patrick/ENAE450_tb_ws/install/turtlebot3_gazebo/share/turtlebot3_gazebo//models/turtlebot3_autorace_2020/traffic_bar/model.config\n'}
[56.079146] (turtlebot3_gazebo) StdoutLine: {'line': b'-- Installing: /home/patrick/ENAE450_tb_ws/install/turtlebot3_gazebo/share/turtlebot3_gazebo//models/turtlebot3_autorace_2020/traffic_bar/materials\n'}
[56.079202] (turtlebot3_gazebo) StdoutLine: {'line': b'-- Installing: /home/patrick/ENAE450_tb_ws/install/turtlebot3_gazebo/share/turtlebot3_gazebo//models/turtlebot3_autorace_2020/traffic_bar/materials/scripts\n'}
[56.079253] (turtlebot3_gazebo) StdoutLine: {'line': b'-- Installing: /home/patrick/ENAE450_tb_ws/install/turtlebot3_gazebo/share/turtlebot3_gazebo//models/turtlebot3_autorace_2020/traffic_bar/materials/scripts/traffic_bar.material\n'}
[56.079297] (turtlebot3_gazebo) StdoutLine: {'line': b'-- Installing: /home/patrick/ENAE450_tb_ws/install/turtlebot3_gazebo/share/turtlebot3_gazebo//models/turtlebot3_autorace_2020/traffic_bar/materials/textures\n'}
[56.079344] (turtlebot3_gazebo) StdoutLine: {'line': b'-- Installing: /home/patrick/ENAE450_tb_ws/install/turtlebot3_gazebo/share/turtlebot3_gazebo//models/turtlebot3_autorace_2020/traffic_bar/materials/textures/traffic_bar.png\n'}
[56.079387] (turtlebot3_gazebo) StdoutLine: {'line': b'-- Installing: /home/patrick/ENAE450_tb_ws/install/turtlebot3_gazebo/share/turtlebot3_gazebo//models/turtlebot3_autorace_2020/traffic_bar/model.sdf\n'}
[56.079429] (turtlebot3_gazebo) StdoutLine: {'line': b'-- Installing: /home/patrick/ENAE450_tb_ws/install/turtlebot3_gazebo/share/turtlebot3_gazebo//models/turtlebot3_autorace_2020/traffic_right\n'}
[56.079471] (turtlebot3_gazebo) StdoutLine: {'line': b'-- Installing: /home/patrick/ENAE450_tb_ws/install/turtlebot3_gazebo/share/turtlebot3_gazebo//models/turtlebot3_autorace_2020/traffic_right/model.config\n'}
[56.079513] (turtlebot3_gazebo) StdoutLine: {'line': b'-- Installing: /home/patrick/ENAE450_tb_ws/install/turtlebot3_gazebo/share/turtlebot3_gazebo//models/turtlebot3_autorace_2020/traffic_right/materials\n'}
[56.079555] (turtlebot3_gazebo) StdoutLine: {'line': b'-- Installing: /home/patrick/ENAE450_tb_ws/install/turtlebot3_gazebo/share/turtlebot3_gazebo//models/turtlebot3_autorace_2020/traffic_right/materials/scripts\n'}
[56.079597] (turtlebot3_gazebo) StdoutLine: {'line': b'-- Installing: /home/patrick/ENAE450_tb_ws/install/turtlebot3_gazebo/share/turtlebot3_gazebo//models/turtlebot3_autorace_2020/traffic_right/materials/scripts/traffic_right.material\n'}
[56.079641] (turtlebot3_gazebo) StdoutLine: {'line': b'-- Installing: /home/patrick/ENAE450_tb_ws/install/turtlebot3_gazebo/share/turtlebot3_gazebo//models/turtlebot3_autorace_2020/traffic_right/materials/textures\n'}
[56.079689] (turtlebot3_gazebo) StdoutLine: {'line': b'-- Installing: /home/patrick/ENAE450_tb_ws/install/turtlebot3_gazebo/share/turtlebot3_gazebo//models/turtlebot3_autorace_2020/traffic_right/materials/textures/traffic_right.png\n'}
[56.079731] (turtlebot3_gazebo) StdoutLine: {'line': b'-- Installing: /home/patrick/ENAE450_tb_ws/install/turtlebot3_gazebo/share/turtlebot3_gazebo//models/turtlebot3_autorace_2020/traffic_right/model.sdf\n'}
[56.079773] (turtlebot3_gazebo) StdoutLine: {'line': b'-- Installing: /home/patrick/ENAE450_tb_ws/install/turtlebot3_gazebo/share/turtlebot3_gazebo//models/turtlebot3_autorace_2020/traffic_left\n'}
[56.079814] (turtlebot3_gazebo) StdoutLine: {'line': b'-- Installing: /home/patrick/ENAE450_tb_ws/install/turtlebot3_gazebo/share/turtlebot3_gazebo//models/turtlebot3_autorace_2020/traffic_left/model.config\n'}
[56.079856] (turtlebot3_gazebo) StdoutLine: {'line': b'-- Installing: /home/patrick/ENAE450_tb_ws/install/turtlebot3_gazebo/share/turtlebot3_gazebo//models/turtlebot3_autorace_2020/traffic_left/materials\n'}
[56.079898] (turtlebot3_gazebo) StdoutLine: {'line': b'-- Installing: /home/patrick/ENAE450_tb_ws/install/turtlebot3_gazebo/share/turtlebot3_gazebo//models/turtlebot3_autorace_2020/traffic_left/materials/scripts\n'}
[56.079939] (turtlebot3_gazebo) StdoutLine: {'line': b'-- Installing: /home/patrick/ENAE450_tb_ws/install/turtlebot3_gazebo/share/turtlebot3_gazebo//models/turtlebot3_autorace_2020/traffic_left/materials/scripts/traffic_is_left.material\n'}
[56.079981] (turtlebot3_gazebo) StdoutLine: {'line': b'-- Installing: /home/patrick/ENAE450_tb_ws/install/turtlebot3_gazebo/share/turtlebot3_gazebo//models/turtlebot3_autorace_2020/traffic_left/materials/textures\n'}
[56.080023] (turtlebot3_gazebo) StdoutLine: {'line': b'-- Installing: /home/patrick/ENAE450_tb_ws/install/turtlebot3_gazebo/share/turtlebot3_gazebo//models/turtlebot3_autorace_2020/traffic_left/materials/textures/traffic_left.png\n'}
[56.080065] (turtlebot3_gazebo) StdoutLine: {'line': b'-- Installing: /home/patrick/ENAE450_tb_ws/install/turtlebot3_gazebo/share/turtlebot3_gazebo//models/turtlebot3_autorace_2020/traffic_left/model.sdf\n'}
[56.080174] (turtlebot3_gazebo) StdoutLine: {'line': b'-- Installing: /home/patrick/ENAE450_tb_ws/install/turtlebot3_gazebo/share/turtlebot3_gazebo//models/turtlebot3_autorace_2020/traffic_pl_left\n'}
[56.080237] (turtlebot3_gazebo) StdoutLine: {'line': b'-- Installing: /home/patrick/ENAE450_tb_ws/install/turtlebot3_gazebo/share/turtlebot3_gazebo//models/turtlebot3_autorace_2020/traffic_pl_left/model.config\n'}
[56.080280] (turtlebot3_gazebo) StdoutLine: {'line': b'-- Installing: /home/patrick/ENAE450_tb_ws/install/turtlebot3_gazebo/share/turtlebot3_gazebo//models/turtlebot3_autorace_2020/traffic_pl_left/materials\n'}
[56.080322] (turtlebot3_gazebo) StdoutLine: {'line': b'-- Installing: /home/patrick/ENAE450_tb_ws/install/turtlebot3_gazebo/share/turtlebot3_gazebo//models/turtlebot3_autorace_2020/traffic_pl_left/materials/scripts\n'}
[56.080365] (turtlebot3_gazebo) StdoutLine: {'line': b'-- Installing: /home/patrick/ENAE450_tb_ws/install/turtlebot3_gazebo/share/turtlebot3_gazebo//models/turtlebot3_autorace_2020/traffic_pl_left/materials/scripts/traffic_pl_left.material\n'}
[56.080407] (turtlebot3_gazebo) StdoutLine: {'line': b'-- Installing: /home/patrick/ENAE450_tb_ws/install/turtlebot3_gazebo/share/turtlebot3_gazebo//models/turtlebot3_autorace_2020/traffic_pl_left/materials/textures\n'}
[56.080458] (turtlebot3_gazebo) StdoutLine: {'line': b'-- Installing: /home/patrick/ENAE450_tb_ws/install/turtlebot3_gazebo/share/turtlebot3_gazebo//models/turtlebot3_autorace_2020/traffic_pl_left/materials/textures/traffic_pl_left.png\n'}
[56.080501] (turtlebot3_gazebo) StdoutLine: {'line': b'-- Installing: /home/patrick/ENAE450_tb_ws/install/turtlebot3_gazebo/share/turtlebot3_gazebo//models/turtlebot3_autorace_2020/traffic_pl_left/model.sdf\n'}
[56.080543] (turtlebot3_gazebo) StdoutLine: {'line': b'-- Installing: /home/patrick/ENAE450_tb_ws/install/turtlebot3_gazebo/share/turtlebot3_gazebo//models/turtlebot3_autorace_2020/traffic_intersection\n'}
[56.080589] (turtlebot3_gazebo) StdoutLine: {'line': b'-- Installing: /home/patrick/ENAE450_tb_ws/install/turtlebot3_gazebo/share/turtlebot3_gazebo//models/turtlebot3_autorace_2020/traffic_intersection/model.config\n'}
[56.080631] (turtlebot3_gazebo) StdoutLine: {'line': b'-- Installing: /home/patrick/ENAE450_tb_ws/install/turtlebot3_gazebo/share/turtlebot3_gazebo//models/turtlebot3_autorace_2020/traffic_intersection/materials\n'}
[56.080673] (turtlebot3_gazebo) StdoutLine: {'line': b'-- Installing: /home/patrick/ENAE450_tb_ws/install/turtlebot3_gazebo/share/turtlebot3_gazebo//models/turtlebot3_autorace_2020/traffic_intersection/materials/scripts\n'}
[56.080715] (turtlebot3_gazebo) StdoutLine: {'line': b'-- Installing: /home/patrick/ENAE450_tb_ws/install/turtlebot3_gazebo/share/turtlebot3_gazebo//models/turtlebot3_autorace_2020/traffic_intersection/materials/scripts/traffic_intersection.material\n'}
[56.080758] (turtlebot3_gazebo) StdoutLine: {'line': b'-- Installing: /home/patrick/ENAE450_tb_ws/install/turtlebot3_gazebo/share/turtlebot3_gazebo//models/turtlebot3_autorace_2020/traffic_intersection/materials/textures\n'}
[56.080799] (turtlebot3_gazebo) StdoutLine: {'line': b'-- Installing: /home/patrick/ENAE450_tb_ws/install/turtlebot3_gazebo/share/turtlebot3_gazebo//models/turtlebot3_autorace_2020/traffic_intersection/materials/textures/traffic_intersection.png\n'}
[56.080842] (turtlebot3_gazebo) StdoutLine: {'line': b'-- Installing: /home/patrick/ENAE450_tb_ws/install/turtlebot3_gazebo/share/turtlebot3_gazebo//models/turtlebot3_autorace_2020/traffic_intersection/model.sdf\n'}
[56.080884] (turtlebot3_gazebo) StdoutLine: {'line': b'-- Installing: /home/patrick/ENAE450_tb_ws/install/turtlebot3_gazebo/share/turtlebot3_gazebo//models/turtlebot3_autorace_2020/traffic_stop\n'}
[56.080926] (turtlebot3_gazebo) StdoutLine: {'line': b'-- Installing: /home/patrick/ENAE450_tb_ws/install/turtlebot3_gazebo/share/turtlebot3_gazebo//models/turtlebot3_autorace_2020/traffic_stop/model.config\n'}
[56.080968] (turtlebot3_gazebo) StdoutLine: {'line': b'-- Installing: /home/patrick/ENAE450_tb_ws/install/turtlebot3_gazebo/share/turtlebot3_gazebo//models/turtlebot3_autorace_2020/traffic_stop/materials\n'}
[56.081010] (turtlebot3_gazebo) StdoutLine: {'line': b'-- Installing: /home/patrick/ENAE450_tb_ws/install/turtlebot3_gazebo/share/turtlebot3_gazebo//models/turtlebot3_autorace_2020/traffic_stop/materials/scripts\n'}
[56.081054] (turtlebot3_gazebo) StdoutLine: {'line': b'-- Installing: /home/patrick/ENAE450_tb_ws/install/turtlebot3_gazebo/share/turtlebot3_gazebo//models/turtlebot3_autorace_2020/traffic_stop/materials/scripts/traffic_stop.material\n'}
[56.081126] (turtlebot3_gazebo) StdoutLine: {'line': b'-- Installing: /home/patrick/ENAE450_tb_ws/install/turtlebot3_gazebo/share/turtlebot3_gazebo//models/turtlebot3_autorace_2020/traffic_stop/materials/textures\n'}
[56.081176] (turtlebot3_gazebo) StdoutLine: {'line': b'-- Installing: /home/patrick/ENAE450_tb_ws/install/turtlebot3_gazebo/share/turtlebot3_gazebo//models/turtlebot3_autorace_2020/traffic_stop/materials/textures/traffic_stop.png\n'}
[56.081219] (turtlebot3_gazebo) StdoutLine: {'line': b'-- Installing: /home/patrick/ENAE450_tb_ws/install/turtlebot3_gazebo/share/turtlebot3_gazebo//models/turtlebot3_autorace_2020/traffic_stop/model.sdf\n'}
[56.081261] (turtlebot3_gazebo) StdoutLine: {'line': b'-- Installing: /home/patrick/ENAE450_tb_ws/install/turtlebot3_gazebo/share/turtlebot3_gazebo//models/turtlebot3_autorace_2020/traffic_construction\n'}
[56.081304] (turtlebot3_gazebo) StdoutLine: {'line': b'-- Installing: /home/patrick/ENAE450_tb_ws/install/turtlebot3_gazebo/share/turtlebot3_gazebo//models/turtlebot3_autorace_2020/traffic_construction/model.config\n'}
[56.081346] (turtlebot3_gazebo) StdoutLine: {'line': b'-- Installing: /home/patrick/ENAE450_tb_ws/install/turtlebot3_gazebo/share/turtlebot3_gazebo//models/turtlebot3_autorace_2020/traffic_construction/materials\n'}
[56.081403] (turtlebot3_gazebo) StdoutLine: {'line': b'-- Installing: /home/patrick/ENAE450_tb_ws/install/turtlebot3_gazebo/share/turtlebot3_gazebo//models/turtlebot3_autorace_2020/traffic_construction/materials/scripts\n'}
[56.081445] (turtlebot3_gazebo) StdoutLine: {'line': b'-- Installing: /home/patrick/ENAE450_tb_ws/install/turtlebot3_gazebo/share/turtlebot3_gazebo//models/turtlebot3_autorace_2020/traffic_construction/materials/scripts/traffic_construction.material\n'}
[56.081488] (turtlebot3_gazebo) StdoutLine: {'line': b'-- Installing: /home/patrick/ENAE450_tb_ws/install/turtlebot3_gazebo/share/turtlebot3_gazebo//models/turtlebot3_autorace_2020/traffic_construction/materials/textures\n'}
[56.081534] (turtlebot3_gazebo) StdoutLine: {'line': b'-- Installing: /home/patrick/ENAE450_tb_ws/install/turtlebot3_gazebo/share/turtlebot3_gazebo//models/turtlebot3_autorace_2020/traffic_construction/materials/textures/traffic_construction.png\n'}
[56.081584] (turtlebot3_gazebo) StdoutLine: {'line': b'-- Installing: /home/patrick/ENAE450_tb_ws/install/turtlebot3_gazebo/share/turtlebot3_gazebo//models/turtlebot3_autorace_2020/traffic_construction/model.sdf\n'}
[56.081627] (turtlebot3_gazebo) StdoutLine: {'line': b'-- Installing: /home/patrick/ENAE450_tb_ws/install/turtlebot3_gazebo/share/turtlebot3_gazebo//models/turtlebot3_autorace_2020/checker\n'}
[56.081669] (turtlebot3_gazebo) StdoutLine: {'line': b'-- Installing: /home/patrick/ENAE450_tb_ws/install/turtlebot3_gazebo/share/turtlebot3_gazebo//models/turtlebot3_autorace_2020/checker/model.config\n'}
[56.083080] (turtlebot3_gazebo) StdoutLine: {'line': b'-- Installing: /home/patrick/ENAE450_tb_ws/install/turtlebot3_gazebo/share/turtlebot3_gazebo//models/turtlebot3_autorace_2020/checker/materials\n'}
[56.083332] (turtlebot3_gazebo) StdoutLine: {'line': b'-- Installing: /home/patrick/ENAE450_tb_ws/install/turtlebot3_gazebo/share/turtlebot3_gazebo//models/turtlebot3_autorace_2020/checker/materials/scripts\n'}
[56.083906] (turtlebot3_gazebo) StdoutLine: {'line': b'-- Installing: /home/patrick/ENAE450_tb_ws/install/turtlebot3_gazebo/share/turtlebot3_gazebo//models/turtlebot3_autorace_2020/checker/materials/scripts/checker.material\n'}
[56.084158] (turtlebot3_gazebo) StdoutLine: {'line': b'-- Installing: /home/patrick/ENAE450_tb_ws/install/turtlebot3_gazebo/share/turtlebot3_gazebo//models/turtlebot3_autorace_2020/checker/materials/textures\n'}
[56.084566] (turtlebot3_gazebo) StdoutLine: {'line': b'-- Installing: /home/patrick/ENAE450_tb_ws/install/turtlebot3_gazebo/share/turtlebot3_gazebo//models/turtlebot3_autorace_2020/checker/materials/textures/checker.png\n'}
[56.084971] (turtlebot3_gazebo) StdoutLine: {'line': b'-- Installing: /home/patrick/ENAE450_tb_ws/install/turtlebot3_gazebo/share/turtlebot3_gazebo//models/turtlebot3_autorace_2020/checker/materials/checker.png\n'}
[56.085499] (turtlebot3_gazebo) StdoutLine: {'line': b'-- Installing: /home/patrick/ENAE450_tb_ws/install/turtlebot3_gazebo/share/turtlebot3_gazebo//models/turtlebot3_autorace_2020/checker/model.sdf\n'}
[56.085870] (turtlebot3_gazebo) StdoutLine: {'line': b'-- Installing: /home/patrick/ENAE450_tb_ws/install/turtlebot3_gazebo/share/turtlebot3_gazebo//models/turtlebot3_autorace_2020/course\n'}
[56.086354] (turtlebot3_gazebo) StdoutLine: {'line': b'-- Installing: /home/patrick/ENAE450_tb_ws/install/turtlebot3_gazebo/share/turtlebot3_gazebo//models/turtlebot3_autorace_2020/course/model.config\n'}
[56.086694] (turtlebot3_gazebo) StdoutLine: {'line': b'-- Installing: /home/patrick/ENAE450_tb_ws/install/turtlebot3_gazebo/share/turtlebot3_gazebo//models/turtlebot3_autorace_2020/course/materials\n'}
[56.086919] (turtlebot3_gazebo) StdoutLine: {'line': b'-- Installing: /home/patrick/ENAE450_tb_ws/install/turtlebot3_gazebo/share/turtlebot3_gazebo//models/turtlebot3_autorace_2020/course/materials/scripts\n'}
[56.087100] (turtlebot3_gazebo) StdoutLine: {'line': b'-- Installing: /home/patrick/ENAE450_tb_ws/install/turtlebot3_gazebo/share/turtlebot3_gazebo//models/turtlebot3_autorace_2020/course/materials/scripts/course.material\n'}
[56.087580] (turtlebot3_gazebo) StdoutLine: {'line': b'-- Installing: /home/patrick/ENAE450_tb_ws/install/turtlebot3_gazebo/share/turtlebot3_gazebo//models/turtlebot3_autorace_2020/course/materials/textures\n'}
[56.087965] (turtlebot3_gazebo) StdoutLine: {'line': b'-- Installing: /home/patrick/ENAE450_tb_ws/install/turtlebot3_gazebo/share/turtlebot3_gazebo//models/turtlebot3_autorace_2020/course/materials/textures/course.png\n'}
[56.088501] (turtlebot3_gazebo) StdoutLine: {'line': b'-- Installing: /home/patrick/ENAE450_tb_ws/install/turtlebot3_gazebo/share/turtlebot3_gazebo//models/turtlebot3_autorace_2020/course/model.sdf\n'}
[56.088558] (turtlebot3_gazebo) StdoutLine: {'line': b'-- Installing: /home/patrick/ENAE450_tb_ws/install/turtlebot3_gazebo/share/turtlebot3_gazebo//models/turtlebot3_autorace_2020/traffic_noentry\n'}
[56.088602] (turtlebot3_gazebo) StdoutLine: {'line': b'-- Installing: /home/patrick/ENAE450_tb_ws/install/turtlebot3_gazebo/share/turtlebot3_gazebo//models/turtlebot3_autorace_2020/traffic_noentry/model.config\n'}
[56.088645] (turtlebot3_gazebo) StdoutLine: {'line': b'-- Installing: /home/patrick/ENAE450_tb_ws/install/turtlebot3_gazebo/share/turtlebot3_gazebo//models/turtlebot3_autorace_2020/traffic_noentry/materials\n'}
[56.089039] (turtlebot3_gazebo) StdoutLine: {'line': b'-- Installing: /home/patrick/ENAE450_tb_ws/install/turtlebot3_gazebo/share/turtlebot3_gazebo//models/turtlebot3_autorace_2020/traffic_noentry/materials/scripts\n'}
[56.089540] (turtlebot3_gazebo) StdoutLine: {'line': b'-- Installing: /home/patrick/ENAE450_tb_ws/install/turtlebot3_gazebo/share/turtlebot3_gazebo//models/turtlebot3_autorace_2020/traffic_noentry/materials/scripts/traffic_noentry.material\n'}
[56.089742] (turtlebot3_gazebo) StdoutLine: {'line': b'-- Installing: /home/patrick/ENAE450_tb_ws/install/turtlebot3_gazebo/share/turtlebot3_gazebo//models/turtlebot3_autorace_2020/traffic_noentry/materials/textures\n'}
[56.089800] (turtlebot3_gazebo) StdoutLine: {'line': b'-- Installing: /home/patrick/ENAE450_tb_ws/install/turtlebot3_gazebo/share/turtlebot3_gazebo//models/turtlebot3_autorace_2020/traffic_noentry/materials/textures/traffic_noentry.png\n'}
[56.089845] (turtlebot3_gazebo) StdoutLine: {'line': b'-- Installing: /home/patrick/ENAE450_tb_ws/install/turtlebot3_gazebo/share/turtlebot3_gazebo//models/turtlebot3_autorace_2020/traffic_noentry/model.sdf\n'}
[56.090321] (turtlebot3_gazebo) StdoutLine: {'line': b'-- Installing: /home/patrick/ENAE450_tb_ws/install/turtlebot3_gazebo/share/turtlebot3_gazebo//models/turtlebot3_autorace_2020/traffic_tunnel\n'}
[56.090369] (turtlebot3_gazebo) StdoutLine: {'line': b'-- Installing: /home/patrick/ENAE450_tb_ws/install/turtlebot3_gazebo/share/turtlebot3_gazebo//models/turtlebot3_autorace_2020/traffic_tunnel/model.config\n'}
[56.090410] (turtlebot3_gazebo) StdoutLine: {'line': b'-- Installing: /home/patrick/ENAE450_tb_ws/install/turtlebot3_gazebo/share/turtlebot3_gazebo//models/turtlebot3_autorace_2020/traffic_tunnel/materials\n'}
[56.090450] (turtlebot3_gazebo) StdoutLine: {'line': b'-- Installing: /home/patrick/ENAE450_tb_ws/install/turtlebot3_gazebo/share/turtlebot3_gazebo//models/turtlebot3_autorace_2020/traffic_tunnel/materials/scripts\n'}
[56.090490] (turtlebot3_gazebo) StdoutLine: {'line': b'-- Installing: /home/patrick/ENAE450_tb_ws/install/turtlebot3_gazebo/share/turtlebot3_gazebo//models/turtlebot3_autorace_2020/traffic_tunnel/materials/scripts/tunnel.material\n'}
[56.090531] (turtlebot3_gazebo) StdoutLine: {'line': b'-- Installing: /home/patrick/ENAE450_tb_ws/install/turtlebot3_gazebo/share/turtlebot3_gazebo//models/turtlebot3_autorace_2020/traffic_tunnel/materials/textures\n'}
[56.090572] (turtlebot3_gazebo) StdoutLine: {'line': b'-- Installing: /home/patrick/ENAE450_tb_ws/install/turtlebot3_gazebo/share/turtlebot3_gazebo//models/turtlebot3_autorace_2020/traffic_tunnel/materials/textures/tunnel.png\n'}
[56.090612] (turtlebot3_gazebo) StdoutLine: {'line': b'-- Installing: /home/patrick/ENAE450_tb_ws/install/turtlebot3_gazebo/share/turtlebot3_gazebo//models/turtlebot3_autorace_2020/traffic_tunnel/model.sdf\n'}
[56.090658] (turtlebot3_gazebo) StdoutLine: {'line': b'-- Installing: /home/patrick/ENAE450_tb_ws/install/turtlebot3_gazebo/share/turtlebot3_gazebo//models/turtlebot3_autorace_2020/traffic_light\n'}
[56.090698] (turtlebot3_gazebo) StdoutLine: {'line': b'-- Installing: /home/patrick/ENAE450_tb_ws/install/turtlebot3_gazebo/share/turtlebot3_gazebo//models/turtlebot3_autorace_2020/traffic_light/model.config\n'}
[56.090740] (turtlebot3_gazebo) StdoutLine: {'line': b'-- Installing: /home/patrick/ENAE450_tb_ws/install/turtlebot3_gazebo/share/turtlebot3_gazebo//models/turtlebot3_autorace_2020/traffic_light/materials\n'}
[56.090782] (turtlebot3_gazebo) StdoutLine: {'line': b'-- Installing: /home/patrick/ENAE450_tb_ws/install/turtlebot3_gazebo/share/turtlebot3_gazebo//models/turtlebot3_autorace_2020/traffic_light/materials/scripts\n'}
[56.090824] (turtlebot3_gazebo) StdoutLine: {'line': b'-- Installing: /home/patrick/ENAE450_tb_ws/install/turtlebot3_gazebo/share/turtlebot3_gazebo//models/turtlebot3_autorace_2020/traffic_light/materials/scripts/traffic_light.material\n'}
[56.090895] (turtlebot3_gazebo) StdoutLine: {'line': b'-- Installing: /home/patrick/ENAE450_tb_ws/install/turtlebot3_gazebo/share/turtlebot3_gazebo//models/turtlebot3_autorace_2020/traffic_light/materials/textures\n'}
[56.090943] (turtlebot3_gazebo) StdoutLine: {'line': b'-- Installing: /home/patrick/ENAE450_tb_ws/install/turtlebot3_gazebo/share/turtlebot3_gazebo//models/turtlebot3_autorace_2020/traffic_light/materials/textures/traffic_light_red.png\n'}
[56.090984] (turtlebot3_gazebo) StdoutLine: {'line': b'-- Installing: /home/patrick/ENAE450_tb_ws/install/turtlebot3_gazebo/share/turtlebot3_gazebo//models/turtlebot3_autorace_2020/traffic_light/materials/textures/traffic_light_yellow.png\n'}
[56.091024] (turtlebot3_gazebo) StdoutLine: {'line': b'-- Installing: /home/patrick/ENAE450_tb_ws/install/turtlebot3_gazebo/share/turtlebot3_gazebo//models/turtlebot3_autorace_2020/traffic_light/materials/textures/traffic_light.png\n'}
[56.091065] (turtlebot3_gazebo) StdoutLine: {'line': b'-- Installing: /home/patrick/ENAE450_tb_ws/install/turtlebot3_gazebo/share/turtlebot3_gazebo//models/turtlebot3_autorace_2020/traffic_light/materials/textures/traffic_light_green.png\n'}
[56.091105] (turtlebot3_gazebo) StdoutLine: {'line': b'-- Installing: /home/patrick/ENAE450_tb_ws/install/turtlebot3_gazebo/share/turtlebot3_gazebo//models/turtlebot3_autorace_2020/traffic_light/model.sdf\n'}
[56.091146] (turtlebot3_gazebo) StdoutLine: {'line': b'-- Installing: /home/patrick/ENAE450_tb_ws/install/turtlebot3_gazebo/share/turtlebot3_gazebo//models/turtlebot3_autorace_2020/traffic_parking\n'}
[56.091186] (turtlebot3_gazebo) StdoutLine: {'line': b'-- Installing: /home/patrick/ENAE450_tb_ws/install/turtlebot3_gazebo/share/turtlebot3_gazebo//models/turtlebot3_autorace_2020/traffic_parking/model.config\n'}
[56.091239] (turtlebot3_gazebo) StdoutLine: {'line': b'-- Installing: /home/patrick/ENAE450_tb_ws/install/turtlebot3_gazebo/share/turtlebot3_gazebo//models/turtlebot3_autorace_2020/traffic_parking/materials\n'}
[56.091279] (turtlebot3_gazebo) StdoutLine: {'line': b'-- Installing: /home/patrick/ENAE450_tb_ws/install/turtlebot3_gazebo/share/turtlebot3_gazebo//models/turtlebot3_autorace_2020/traffic_parking/materials/scripts\n'}
[56.091320] (turtlebot3_gazebo) StdoutLine: {'line': b'-- Installing: /home/patrick/ENAE450_tb_ws/install/turtlebot3_gazebo/share/turtlebot3_gazebo//models/turtlebot3_autorace_2020/traffic_parking/materials/scripts/traffic_parking.material\n'}
[56.091359] (turtlebot3_gazebo) StdoutLine: {'line': b'-- Installing: /home/patrick/ENAE450_tb_ws/install/turtlebot3_gazebo/share/turtlebot3_gazebo//models/turtlebot3_autorace_2020/traffic_parking/materials/textures\n'}
[56.091406] (turtlebot3_gazebo) StdoutLine: {'line': b'-- Installing: /home/patrick/ENAE450_tb_ws/install/turtlebot3_gazebo/share/turtlebot3_gazebo//models/turtlebot3_autorace_2020/traffic_parking/materials/textures/traffic_parking.png\n'}
[56.091446] (turtlebot3_gazebo) StdoutLine: {'line': b'-- Installing: /home/patrick/ENAE450_tb_ws/install/turtlebot3_gazebo/share/turtlebot3_gazebo//models/turtlebot3_autorace_2020/traffic_parking/model.sdf\n'}
[56.091491] (turtlebot3_gazebo) StdoutLine: {'line': b'-- Installing: /home/patrick/ENAE450_tb_ws/install/turtlebot3_gazebo/share/turtlebot3_gazebo//models/turtlebot3_waffle_pi\n'}
[56.091531] (turtlebot3_gazebo) StdoutLine: {'line': b'-- Installing: /home/patrick/ENAE450_tb_ws/install/turtlebot3_gazebo/share/turtlebot3_gazebo//models/turtlebot3_waffle_pi/model.config\n'}
[56.091571] (turtlebot3_gazebo) StdoutLine: {'line': b'-- Installing: /home/patrick/ENAE450_tb_ws/install/turtlebot3_gazebo/share/turtlebot3_gazebo//models/turtlebot3_waffle_pi/model-1_4_.sdf\n'}
[56.091610] (turtlebot3_gazebo) StdoutLine: {'line': b'-- Installing: /home/patrick/ENAE450_tb_ws/install/turtlebot3_gazebo/share/turtlebot3_gazebo//models/turtlebot3_waffle_pi/model.sdf\n'}
[56.091650] (turtlebot3_gazebo) StdoutLine: {'line': b'-- Installing: /home/patrick/ENAE450_tb_ws/install/turtlebot3_gazebo/share/turtlebot3_gazebo//models/turtlebot3_house\n'}
[56.091690] (turtlebot3_gazebo) StdoutLine: {'line': b'-- Installing: /home/patrick/ENAE450_tb_ws/install/turtlebot3_gazebo/share/turtlebot3_gazebo//models/turtlebot3_house/model.config\n'}
[56.091730] (turtlebot3_gazebo) StdoutLine: {'line': b'-- Installing: /home/patrick/ENAE450_tb_ws/install/turtlebot3_gazebo/share/turtlebot3_gazebo//models/turtlebot3_house/model.sdf\n'}
[56.091770] (turtlebot3_gazebo) StdoutLine: {'line': b'-- Installing: /home/patrick/ENAE450_tb_ws/install/turtlebot3_gazebo/share/turtlebot3_gazebo//models/turtlebot3_burger\n'}
[56.091836] (turtlebot3_gazebo) StdoutLine: {'line': b'-- Installing: /home/patrick/ENAE450_tb_ws/install/turtlebot3_gazebo/share/turtlebot3_gazebo//models/turtlebot3_burger/model.config\n'}
[56.091903] (turtlebot3_gazebo) StdoutLine: {'line': b'-- Installing: /home/patrick/ENAE450_tb_ws/install/turtlebot3_gazebo/share/turtlebot3_gazebo//models/turtlebot3_burger/model-1_4.sdf\n'}
[56.091948] (turtlebot3_gazebo) StdoutLine: {'line': b'-- Installing: /home/patrick/ENAE450_tb_ws/install/turtlebot3_gazebo/share/turtlebot3_gazebo//models/turtlebot3_burger/model.sdf\n'}
[56.091988] (turtlebot3_gazebo) StdoutLine: {'line': b'-- Installing: /home/patrick/ENAE450_tb_ws/install/turtlebot3_gazebo/share/turtlebot3_gazebo//models/turtlebot3_world\n'}
[56.092030] (turtlebot3_gazebo) StdoutLine: {'line': b'-- Installing: /home/patrick/ENAE450_tb_ws/install/turtlebot3_gazebo/share/turtlebot3_gazebo//models/turtlebot3_world/model.config\n'}
[56.092070] (turtlebot3_gazebo) StdoutLine: {'line': b'-- Installing: /home/patrick/ENAE450_tb_ws/install/turtlebot3_gazebo/share/turtlebot3_gazebo//models/turtlebot3_world/model-1_4.sdf\n'}
[56.092113] (turtlebot3_gazebo) StdoutLine: {'line': b'-- Installing: /home/patrick/ENAE450_tb_ws/install/turtlebot3_gazebo/share/turtlebot3_gazebo//models/turtlebot3_world/meshes\n'}
[56.092156] (turtlebot3_gazebo) StdoutLine: {'line': b'-- Installing: /home/patrick/ENAE450_tb_ws/install/turtlebot3_gazebo/share/turtlebot3_gazebo//models/turtlebot3_world/meshes/hexagon.dae\n'}
[56.092198] (turtlebot3_gazebo) StdoutLine: {'line': b'-- Installing: /home/patrick/ENAE450_tb_ws/install/turtlebot3_gazebo/share/turtlebot3_gazebo//models/turtlebot3_world/meshes/wall.dae\n'}
[56.092239] (turtlebot3_gazebo) StdoutLine: {'line': b'-- Installing: /home/patrick/ENAE450_tb_ws/install/turtlebot3_gazebo/share/turtlebot3_gazebo//models/turtlebot3_world/model.sdf\n'}
[56.092280] (turtlebot3_gazebo) StdoutLine: {'line': b'-- Installing: /home/patrick/ENAE450_tb_ws/install/turtlebot3_gazebo/share/turtlebot3_gazebo//rviz\n'}
[56.092321] (turtlebot3_gazebo) StdoutLine: {'line': b'-- Installing: /home/patrick/ENAE450_tb_ws/install/turtlebot3_gazebo/share/turtlebot3_gazebo//rviz/tb3_gazebo.rviz\n'}
[56.092365] (turtlebot3_gazebo) StdoutLine: {'line': b'-- Installing: /home/patrick/ENAE450_tb_ws/install/turtlebot3_gazebo/share/turtlebot3_gazebo//urdf\n'}
[56.092407] (turtlebot3_gazebo) StdoutLine: {'line': b'-- Installing: /home/patrick/ENAE450_tb_ws/install/turtlebot3_gazebo/share/turtlebot3_gazebo//urdf/turtlebot3_burger.urdf\n'}
[56.092458] (turtlebot3_gazebo) StdoutLine: {'line': b'-- Installing: /home/patrick/ENAE450_tb_ws/install/turtlebot3_gazebo/share/turtlebot3_gazebo//urdf/turtlebot3_waffle_pi.urdf\n'}
[56.092504] (turtlebot3_gazebo) StdoutLine: {'line': b'-- Installing: /home/patrick/ENAE450_tb_ws/install/turtlebot3_gazebo/share/turtlebot3_gazebo//urdf/turtlebot3_burger_cam.urdf\n'}
[56.092545] (turtlebot3_gazebo) StdoutLine: {'line': b'-- Installing: /home/patrick/ENAE450_tb_ws/install/turtlebot3_gazebo/share/turtlebot3_gazebo//urdf/common_properties.urdf\n'}
[56.092590] (turtlebot3_gazebo) StdoutLine: {'line': b'-- Installing: /home/patrick/ENAE450_tb_ws/install/turtlebot3_gazebo/share/turtlebot3_gazebo//urdf/turtlebot3_waffle.urdf\n'}
[56.092630] (turtlebot3_gazebo) StdoutLine: {'line': b'-- Installing: /home/patrick/ENAE450_tb_ws/install/turtlebot3_gazebo/share/turtlebot3_gazebo//worlds\n'}
[56.092670] (turtlebot3_gazebo) StdoutLine: {'line': b'-- Installing: /home/patrick/ENAE450_tb_ws/install/turtlebot3_gazebo/share/turtlebot3_gazebo//worlds/turtlebot3_dqn_stage4.world\n'}
[56.092711] (turtlebot3_gazebo) StdoutLine: {'line': b'-- Installing: /home/patrick/ENAE450_tb_ws/install/turtlebot3_gazebo/share/turtlebot3_gazebo//worlds/empty_world.world\n'}
[56.092752] (turtlebot3_gazebo) StdoutLine: {'line': b'-- Installing: /home/patrick/ENAE450_tb_ws/install/turtlebot3_gazebo/share/turtlebot3_gazebo//worlds/turtlebot3_autorace_2020.world\n'}
[56.092813] (turtlebot3_gazebo) StdoutLine: {'line': b'-- Installing: /home/patrick/ENAE450_tb_ws/install/turtlebot3_gazebo/share/turtlebot3_gazebo//worlds/turtlebot3_dqn_stage2.world\n'}
[56.092879] (turtlebot3_gazebo) StdoutLine: {'line': b'-- Installing: /home/patrick/ENAE450_tb_ws/install/turtlebot3_gazebo/share/turtlebot3_gazebo//worlds/turtlebot3_dqn_stage1.world\n'}
[56.092922] (turtlebot3_gazebo) StdoutLine: {'line': b'-- Installing: /home/patrick/ENAE450_tb_ws/install/turtlebot3_gazebo/share/turtlebot3_gazebo//worlds/turtlebot3_dqn_stage3.world\n'}
[56.092962] (turtlebot3_gazebo) StdoutLine: {'line': b'-- Installing: /home/patrick/ENAE450_tb_ws/install/turtlebot3_gazebo/share/turtlebot3_gazebo//worlds/turtlebot3_world.world\n'}
[56.093003] (turtlebot3_gazebo) StdoutLine: {'line': b'-- Installing: /home/patrick/ENAE450_tb_ws/install/turtlebot3_gazebo/share/turtlebot3_gazebo//worlds/turtlebot3_house.world\n'}
[56.093898] (turtlebot3_gazebo) StdoutLine: {'line': b'-- Installing: /home/patrick/ENAE450_tb_ws/install/turtlebot3_gazebo/include/\n'}
[56.094061] (turtlebot3_gazebo) StdoutLine: {'line': b'-- Installing: /home/patrick/ENAE450_tb_ws/install/turtlebot3_gazebo/include//turtlebot3_gazebo\n'}
[56.094403] (turtlebot3_gazebo) StdoutLine: {'line': b'-- Installing: /home/patrick/ENAE450_tb_ws/install/turtlebot3_gazebo/include//turtlebot3_gazebo/obstacle2.hpp\n'}
[56.094622] (turtlebot3_gazebo) StdoutLine: {'line': b'-- Installing: /home/patrick/ENAE450_tb_ws/install/turtlebot3_gazebo/include//turtlebot3_gazebo/traffic_bar_plugin.hpp\n'}
[56.094674] (turtlebot3_gazebo) StdoutLine: {'line': b'-- Installing: /home/patrick/ENAE450_tb_ws/install/turtlebot3_gazebo/include//turtlebot3_gazebo/obstacles.hpp\n'}
[56.094718] (turtlebot3_gazebo) StdoutLine: {'line': b'-- Installing: /home/patrick/ENAE450_tb_ws/install/turtlebot3_gazebo/include//turtlebot3_gazebo/obstacle1.hpp\n'}
[56.094924] (turtlebot3_gazebo) StdoutLine: {'line': b'-- Installing: /home/patrick/ENAE450_tb_ws/install/turtlebot3_gazebo/include//turtlebot3_gazebo/traffic_light_plugin.hpp\n'}
[56.095145] (turtlebot3_gazebo) StdoutLine: {'line': b'-- Installing: /home/patrick/ENAE450_tb_ws/install/turtlebot3_gazebo/include//turtlebot3_gazebo/turtlebot3_drive.hpp\n'}
[56.095522] (turtlebot3_gazebo) StdoutLine: {'line': b'-- Installing: /home/patrick/ENAE450_tb_ws/install/turtlebot3_gazebo/share/ament_index/resource_index/package_run_dependencies/turtlebot3_gazebo\n'}
[56.095572] (turtlebot3_gazebo) StdoutLine: {'line': b'-- Installing: /home/patrick/ENAE450_tb_ws/install/turtlebot3_gazebo/share/ament_index/resource_index/parent_prefix_path/turtlebot3_gazebo\n'}
[56.095917] (turtlebot3_gazebo) StdoutLine: {'line': b'-- Installing: /home/patrick/ENAE450_tb_ws/install/turtlebot3_gazebo/share/turtlebot3_gazebo/environment/ament_prefix_path.sh\n'}
[56.095965] (turtlebot3_gazebo) StdoutLine: {'line': b'-- Installing: /home/patrick/ENAE450_tb_ws/install/turtlebot3_gazebo/share/turtlebot3_gazebo/environment/ament_prefix_path.dsv\n'}
[56.096009] (turtlebot3_gazebo) StdoutLine: {'line': b'-- Installing: /home/patrick/ENAE450_tb_ws/install/turtlebot3_gazebo/share/turtlebot3_gazebo/environment/path.sh\n'}
[56.096051] (turtlebot3_gazebo) StdoutLine: {'line': b'-- Installing: /home/patrick/ENAE450_tb_ws/install/turtlebot3_gazebo/share/turtlebot3_gazebo/environment/path.dsv\n'}
[56.096093] (turtlebot3_gazebo) StdoutLine: {'line': b'-- Installing: /home/patrick/ENAE450_tb_ws/install/turtlebot3_gazebo/share/turtlebot3_gazebo/local_setup.bash\n'}
[56.096135] (turtlebot3_gazebo) StdoutLine: {'line': b'-- Installing: /home/patrick/ENAE450_tb_ws/install/turtlebot3_gazebo/share/turtlebot3_gazebo/local_setup.sh\n'}
[56.096177] (turtlebot3_gazebo) StdoutLine: {'line': b'-- Installing: /home/patrick/ENAE450_tb_ws/install/turtlebot3_gazebo/share/turtlebot3_gazebo/local_setup.zsh\n'}
[56.096218] (turtlebot3_gazebo) StdoutLine: {'line': b'-- Installing: /home/patrick/ENAE450_tb_ws/install/turtlebot3_gazebo/share/turtlebot3_gazebo/local_setup.dsv\n'}
[56.096259] (turtlebot3_gazebo) StdoutLine: {'line': b'-- Installing: /home/patrick/ENAE450_tb_ws/install/turtlebot3_gazebo/share/turtlebot3_gazebo/package.dsv\n'}
[56.096300] (turtlebot3_gazebo) StdoutLine: {'line': b'-- Installing: /home/patrick/ENAE450_tb_ws/install/turtlebot3_gazebo/share/ament_index/resource_index/packages/turtlebot3_gazebo\n'}
[56.096352] (turtlebot3_gazebo) StdoutLine: {'line': b'-- Installing: /home/patrick/ENAE450_tb_ws/install/turtlebot3_gazebo/share/turtlebot3_gazebo/cmake/ament_cmake_export_include_directories-extras.cmake\n'}
[56.096395] (turtlebot3_gazebo) StdoutLine: {'line': b'-- Installing: /home/patrick/ENAE450_tb_ws/install/turtlebot3_gazebo/share/turtlebot3_gazebo/cmake/ament_cmake_export_dependencies-extras.cmake\n'}
[56.096437] (turtlebot3_gazebo) StdoutLine: {'line': b'-- Installing: /home/patrick/ENAE450_tb_ws/install/turtlebot3_gazebo/share/turtlebot3_gazebo/cmake/turtlebot3_gazeboConfig.cmake\n'}
[56.096478] (turtlebot3_gazebo) StdoutLine: {'line': b'-- Installing: /home/patrick/ENAE450_tb_ws/install/turtlebot3_gazebo/share/turtlebot3_gazebo/cmake/turtlebot3_gazeboConfig-version.cmake\n'}
[56.096526] (turtlebot3_gazebo) StdoutLine: {'line': b'-- Installing: /home/patrick/ENAE450_tb_ws/install/turtlebot3_gazebo/share/turtlebot3_gazebo/package.xml\n'}
[56.099664] (turtlebot3_gazebo) CommandEnded: {'returncode': 0}
[56.104804] (-) TimerEvent: {}
[56.117983] (turtlebot3_gazebo) JobEnded: {'identifier': 'turtlebot3_gazebo', 'rc': 0}
[56.119055] (turtlebot3_simulations) JobStarted: {'identifier': 'turtlebot3_simulations'}
[56.130096] (turtlebot3_simulations) JobProgress: {'identifier': 'turtlebot3_simulations', 'progress': 'cmake'}
[56.134361] (turtlebot3_simulations) Command: {'cmd': ['/usr/bin/cmake', '/home/patrick/ENAE450_tb_ws/src/turtlebot3_simulations/turtlebot3_simulations', '-DCMAKE_INSTALL_PREFIX=/home/patrick/ENAE450_tb_ws/install/turtlebot3_simulations'], 'cwd': '/home/patrick/ENAE450_tb_ws/build/turtlebot3_simulations', 'env': OrderedDict([('LESSOPEN', '| /usr/bin/lesspipe %s'), ('USER', 'patrick'), ('XDG_SESSION_TYPE', 'wayland'), ('SHLVL', '1'), ('LD_LIBRARY_PATH', '/usr/lib/x86_64-linux-gnu/gazebo-11/plugins:/opt/ros/humble/opt/rviz_ogre_vendor/lib:/opt/ros/humble/lib/x86_64-linux-gnu:/opt/ros/humble/lib'), ('HOME', '/home/patrick'), ('OLDPWD', '/home/patrick/ENAE450_tb_ws/src'), ('DESKTOP_SESSION', 'ubuntu'), ('ROS_PYTHON_VERSION', '3'), ('GNOME_SHELL_SESSION_MODE', 'ubuntu'), ('GTK_MODULES', 'gail:atk-bridge'), ('SYSTEMD_EXEC_PID', '2684'), ('DBUS_SESSION_BUS_ADDRESS', 'unix:path=/run/user/1000/bus'), ('COLORTERM', 'truecolor'), ('IM_CONFIG_PHASE', '1'), ('WAYLAND_DISPLAY', 'wayland-0'), ('ROS_DISTRO', 'humble'), ('LOGNAME', 'patrick'), ('_', '/usr/bin/colcon'), ('ROS_VERSION', '2'), ('XDG_SESSION_CLASS', 'user'), ('USERNAME', 'patrick'), ('TERM', 'xterm-256color'), ('GNOME_DESKTOP_SESSION_ID', 'this-is-deprecated'), ('ROS_LOCALHOST_ONLY', '0'), ('PATH', '/opt/ros/humble/bin:/usr/local/sbin:/usr/local/bin:/usr/sbin:/usr/bin:/sbin:/bin:/usr/games:/usr/local/games:/snap/bin:/snap/bin'), ('SESSION_MANAGER', 'local/Ubuntu:@/tmp/.ICE-unix/2663,unix/Ubuntu:/tmp/.ICE-unix/2663'), ('XDG_MENU_PREFIX', 'gnome-'), ('GNOME_TERMINAL_SCREEN', '/org/gnome/Terminal/screen/c018a4df_a20a_4872_8584_f1078a2959dc'), ('GNOME_SETUP_DISPLAY', ':1'), ('XDG_RUNTIME_DIR', '/run/user/1000'), ('DISPLAY', ':0'), ('LANG', 'en_US.UTF-8'), ('XDG_CURRENT_DESKTOP', 'ubuntu:GNOME'), ('XMODIFIERS', '@im=ibus'), ('XDG_SESSION_DESKTOP', 'ubuntu'), ('XAUTHORITY', '/run/user/1000/.mutter-Xwaylandauth.9OLL52'), ('LS_COLORS', 'rs=0:di=01;34:ln=01;36:mh=00:pi=40;33:so=01;35:do=01;35:bd=40;33;01:cd=40;33;01:or=40;31;01:mi=00:su=37;41:sg=30;43:ca=30;41:tw=30;42:ow=34;42:st=37;44:ex=01;32:*.tar=01;31:*.tgz=01;31:*.arc=01;31:*.arj=01;31:*.taz=01;31:*.lha=01;31:*.lz4=01;31:*.lzh=01;31:*.lzma=01;31:*.tlz=01;31:*.txz=01;31:*.tzo=01;31:*.t7z=01;31:*.zip=01;31:*.z=01;31:*.dz=01;31:*.gz=01;31:*.lrz=01;31:*.lz=01;31:*.lzo=01;31:*.xz=01;31:*.zst=01;31:*.tzst=01;31:*.bz2=01;31:*.bz=01;31:*.tbz=01;31:*.tbz2=01;31:*.tz=01;31:*.deb=01;31:*.rpm=01;31:*.jar=01;31:*.war=01;31:*.ear=01;31:*.sar=01;31:*.rar=01;31:*.alz=01;31:*.ace=01;31:*.zoo=01;31:*.cpio=01;31:*.7z=01;31:*.rz=01;31:*.cab=01;31:*.wim=01;31:*.swm=01;31:*.dwm=01;31:*.esd=01;31:*.jpg=01;35:*.jpeg=01;35:*.mjpg=01;35:*.mjpeg=01;35:*.gif=01;35:*.bmp=01;35:*.pbm=01;35:*.pgm=01;35:*.ppm=01;35:*.tga=01;35:*.xbm=01;35:*.xpm=01;35:*.tif=01;35:*.tiff=01;35:*.png=01;35:*.svg=01;35:*.svgz=01;35:*.mng=01;35:*.pcx=01;35:*.mov=01;35:*.mpg=01;35:*.mpeg=01;35:*.m2v=01;35:*.mkv=01;35:*.webm=01;35:*.webp=01;35:*.ogm=01;35:*.mp4=01;35:*.m4v=01;35:*.mp4v=01;35:*.vob=01;35:*.qt=01;35:*.nuv=01;35:*.wmv=01;35:*.asf=01;35:*.rm=01;35:*.rmvb=01;35:*.flc=01;35:*.avi=01;35:*.fli=01;35:*.flv=01;35:*.gl=01;35:*.dl=01;35:*.xcf=01;35:*.xwd=01;35:*.yuv=01;35:*.cgm=01;35:*.emf=01;35:*.ogv=01;35:*.ogx=01;35:*.aac=00;36:*.au=00;36:*.flac=00;36:*.m4a=00;36:*.mid=00;36:*.midi=00;36:*.mka=00;36:*.mp3=00;36:*.mpc=00;36:*.ogg=00;36:*.ra=00;36:*.wav=00;36:*.oga=00;36:*.opus=00;36:*.spx=00;36:*.xspf=00;36:'), ('GNOME_TERMINAL_SERVICE', ':1.113'), ('SSH_AGENT_LAUNCHER', 'gnome-keyring'), ('SSH_AUTH_SOCK', '/run/user/1000/keyring/ssh'), ('ROS_DOMAIN_ID', '0'), ('AMENT_PREFIX_PATH', '/home/patrick/ENAE450_tb_ws/install/turtlebot3_gazebo:/home/patrick/ENAE450_tb_ws/install/turtlebot3_fake_node:/opt/ros/humble'), ('SHELL', '/bin/bash'), ('QT_ACCESSIBILITY', '1'), ('GDMSESSION', 'ubuntu'), ('LESSCLOSE', '/usr/bin/lesspipe %s %s'), ('QT_IM_MODULE', 'ibus'), ('PWD', '/home/patrick/ENAE450_tb_ws/build/turtlebot3_simulations'), ('XDG_CONFIG_DIRS', '/etc/xdg/xdg-ubuntu:/etc/xdg'), ('XDG_DATA_DIRS', '/usr/share/ubuntu:/usr/local/share/:/usr/share/:/var/lib/snapd/desktop'), ('PYTHONPATH', '/opt/ros/humble/lib/python3.10/site-packages:/opt/ros/humble/local/lib/python3.10/dist-packages'), ('COLCON', '1'), ('VTE_VERSION', '6800'), ('CMAKE_PREFIX_PATH', '/home/patrick/ENAE450_tb_ws/install/turtlebot3_gazebo:/home/patrick/ENAE450_tb_ws/install/turtlebot3_fake_node:/opt/ros/humble')]), 'shell': False}
[56.205480] (-) TimerEvent: {}
[56.215448] (turtlebot3_simulations) StdoutLine: {'line': b'-- The C compiler identification is GNU 11.4.0\n'}
[56.290977] (turtlebot3_simulations) StdoutLine: {'line': b'-- The CXX compiler identification is GNU 11.4.0\n'}
[56.300746] (turtlebot3_simulations) StdoutLine: {'line': b'-- Detecting C compiler ABI info\n'}
[56.307436] (-) TimerEvent: {}
[56.407944] (-) TimerEvent: {}
[56.410608] (turtlebot3_simulations) StdoutLine: {'line': b'-- Detecting C compiler ABI info - done\n'}
[56.420363] (turtlebot3_simulations) StdoutLine: {'line': b'-- Check for working C compiler: /usr/bin/cc - skipped\n'}
[56.423919] (turtlebot3_simulations) StdoutLine: {'line': b'-- Detecting C compile features\n'}
[56.424020] (turtlebot3_simulations) StdoutLine: {'line': b'-- Detecting C compile features - done\n'}
[56.424970] (turtlebot3_simulations) StdoutLine: {'line': b'-- Detecting CXX compiler ABI info\n'}
[56.508622] (-) TimerEvent: {}
[56.545559] (turtlebot3_simulations) StdoutLine: {'line': b'-- Detecting CXX compiler ABI info - done\n'}
[56.552672] (turtlebot3_simulations) StdoutLine: {'line': b'-- Check for working CXX compiler: /usr/bin/c++ - skipped\n'}
[56.552910] (turtlebot3_simulations) StdoutLine: {'line': b'-- Detecting CXX compile features\n'}
[56.554178] (turtlebot3_simulations) StdoutLine: {'line': b'-- Detecting CXX compile features - done\n'}
[56.556680] (turtlebot3_simulations) StdoutLine: {'line': b'-- Found ament_cmake: 1.3.11 (/opt/ros/humble/share/ament_cmake/cmake)\n'}
[56.609632] (-) TimerEvent: {}
[56.710803] (-) TimerEvent: {}
[56.719471] (turtlebot3_simulations) StdoutLine: {'line': b'-- Found Python3: /usr/bin/python3 (found version "3.10.12") found components: Interpreter \n'}
[56.811501] (-) TimerEvent: {}
[56.882253] (turtlebot3_simulations) StdoutLine: {'line': b'-- Configuring done\n'}
[56.884890] (turtlebot3_simulations) StdoutLine: {'line': b'-- Generating done\n'}
[56.885955] (turtlebot3_simulations) StdoutLine: {'line': b'-- Build files have been written to: /home/patrick/ENAE450_tb_ws/build/turtlebot3_simulations\n'}
[56.894020] (turtlebot3_simulations) CommandEnded: {'returncode': 0}
[56.894444] (turtlebot3_simulations) JobProgress: {'identifier': 'turtlebot3_simulations', 'progress': 'build'}
[56.894465] (turtlebot3_simulations) Command: {'cmd': ['/usr/bin/cmake', '--build', '/home/patrick/ENAE450_tb_ws/build/turtlebot3_simulations', '--', '-j2', '-l2'], 'cwd': '/home/patrick/ENAE450_tb_ws/build/turtlebot3_simulations', 'env': OrderedDict([('LESSOPEN', '| /usr/bin/lesspipe %s'), ('USER', 'patrick'), ('XDG_SESSION_TYPE', 'wayland'), ('SHLVL', '1'), ('LD_LIBRARY_PATH', '/usr/lib/x86_64-linux-gnu/gazebo-11/plugins:/opt/ros/humble/opt/rviz_ogre_vendor/lib:/opt/ros/humble/lib/x86_64-linux-gnu:/opt/ros/humble/lib'), ('HOME', '/home/patrick'), ('OLDPWD', '/home/patrick/ENAE450_tb_ws/src'), ('DESKTOP_SESSION', 'ubuntu'), ('ROS_PYTHON_VERSION', '3'), ('GNOME_SHELL_SESSION_MODE', 'ubuntu'), ('GTK_MODULES', 'gail:atk-bridge'), ('SYSTEMD_EXEC_PID', '2684'), ('DBUS_SESSION_BUS_ADDRESS', 'unix:path=/run/user/1000/bus'), ('COLORTERM', 'truecolor'), ('IM_CONFIG_PHASE', '1'), ('WAYLAND_DISPLAY', 'wayland-0'), ('ROS_DISTRO', 'humble'), ('LOGNAME', 'patrick'), ('_', '/usr/bin/colcon'), ('ROS_VERSION', '2'), ('XDG_SESSION_CLASS', 'user'), ('USERNAME', 'patrick'), ('TERM', 'xterm-256color'), ('GNOME_DESKTOP_SESSION_ID', 'this-is-deprecated'), ('ROS_LOCALHOST_ONLY', '0'), ('PATH', '/opt/ros/humble/bin:/usr/local/sbin:/usr/local/bin:/usr/sbin:/usr/bin:/sbin:/bin:/usr/games:/usr/local/games:/snap/bin:/snap/bin'), ('SESSION_MANAGER', 'local/Ubuntu:@/tmp/.ICE-unix/2663,unix/Ubuntu:/tmp/.ICE-unix/2663'), ('XDG_MENU_PREFIX', 'gnome-'), ('GNOME_TERMINAL_SCREEN', '/org/gnome/Terminal/screen/c018a4df_a20a_4872_8584_f1078a2959dc'), ('GNOME_SETUP_DISPLAY', ':1'), ('XDG_RUNTIME_DIR', '/run/user/1000'), ('DISPLAY', ':0'), ('LANG', 'en_US.UTF-8'), ('XDG_CURRENT_DESKTOP', 'ubuntu:GNOME'), ('XMODIFIERS', '@im=ibus'), ('XDG_SESSION_DESKTOP', 'ubuntu'), ('XAUTHORITY', '/run/user/1000/.mutter-Xwaylandauth.9OLL52'), ('LS_COLORS', 'rs=0:di=01;34:ln=01;36:mh=00:pi=40;33:so=01;35:do=01;35:bd=40;33;01:cd=40;33;01:or=40;31;01:mi=00:su=37;41:sg=30;43:ca=30;41:tw=30;42:ow=34;42:st=37;44:ex=01;32:*.tar=01;31:*.tgz=01;31:*.arc=01;31:*.arj=01;31:*.taz=01;31:*.lha=01;31:*.lz4=01;31:*.lzh=01;31:*.lzma=01;31:*.tlz=01;31:*.txz=01;31:*.tzo=01;31:*.t7z=01;31:*.zip=01;31:*.z=01;31:*.dz=01;31:*.gz=01;31:*.lrz=01;31:*.lz=01;31:*.lzo=01;31:*.xz=01;31:*.zst=01;31:*.tzst=01;31:*.bz2=01;31:*.bz=01;31:*.tbz=01;31:*.tbz2=01;31:*.tz=01;31:*.deb=01;31:*.rpm=01;31:*.jar=01;31:*.war=01;31:*.ear=01;31:*.sar=01;31:*.rar=01;31:*.alz=01;31:*.ace=01;31:*.zoo=01;31:*.cpio=01;31:*.7z=01;31:*.rz=01;31:*.cab=01;31:*.wim=01;31:*.swm=01;31:*.dwm=01;31:*.esd=01;31:*.jpg=01;35:*.jpeg=01;35:*.mjpg=01;35:*.mjpeg=01;35:*.gif=01;35:*.bmp=01;35:*.pbm=01;35:*.pgm=01;35:*.ppm=01;35:*.tga=01;35:*.xbm=01;35:*.xpm=01;35:*.tif=01;35:*.tiff=01;35:*.png=01;35:*.svg=01;35:*.svgz=01;35:*.mng=01;35:*.pcx=01;35:*.mov=01;35:*.mpg=01;35:*.mpeg=01;35:*.m2v=01;35:*.mkv=01;35:*.webm=01;35:*.webp=01;35:*.ogm=01;35:*.mp4=01;35:*.m4v=01;35:*.mp4v=01;35:*.vob=01;35:*.qt=01;35:*.nuv=01;35:*.wmv=01;35:*.asf=01;35:*.rm=01;35:*.rmvb=01;35:*.flc=01;35:*.avi=01;35:*.fli=01;35:*.flv=01;35:*.gl=01;35:*.dl=01;35:*.xcf=01;35:*.xwd=01;35:*.yuv=01;35:*.cgm=01;35:*.emf=01;35:*.ogv=01;35:*.ogx=01;35:*.aac=00;36:*.au=00;36:*.flac=00;36:*.m4a=00;36:*.mid=00;36:*.midi=00;36:*.mka=00;36:*.mp3=00;36:*.mpc=00;36:*.ogg=00;36:*.ra=00;36:*.wav=00;36:*.oga=00;36:*.opus=00;36:*.spx=00;36:*.xspf=00;36:'), ('GNOME_TERMINAL_SERVICE', ':1.113'), ('SSH_AGENT_LAUNCHER', 'gnome-keyring'), ('SSH_AUTH_SOCK', '/run/user/1000/keyring/ssh'), ('ROS_DOMAIN_ID', '0'), ('AMENT_PREFIX_PATH', '/home/patrick/ENAE450_tb_ws/install/turtlebot3_gazebo:/home/patrick/ENAE450_tb_ws/install/turtlebot3_fake_node:/opt/ros/humble'), ('SHELL', '/bin/bash'), ('QT_ACCESSIBILITY', '1'), ('GDMSESSION', 'ubuntu'), ('LESSCLOSE', '/usr/bin/lesspipe %s %s'), ('QT_IM_MODULE', 'ibus'), ('PWD', '/home/patrick/ENAE450_tb_ws/build/turtlebot3_simulations'), ('XDG_CONFIG_DIRS', '/etc/xdg/xdg-ubuntu:/etc/xdg'), ('XDG_DATA_DIRS', '/usr/share/ubuntu:/usr/local/share/:/usr/share/:/var/lib/snapd/desktop'), ('PYTHONPATH', '/opt/ros/humble/lib/python3.10/site-packages:/opt/ros/humble/local/lib/python3.10/dist-packages'), ('COLCON', '1'), ('VTE_VERSION', '6800'), ('CMAKE_PREFIX_PATH', '/home/patrick/ENAE450_tb_ws/install/turtlebot3_gazebo:/home/patrick/ENAE450_tb_ws/install/turtlebot3_fake_node:/opt/ros/humble')]), 'shell': False}
[56.917290] (-) TimerEvent: {}
[56.955049] (turtlebot3_simulations) CommandEnded: {'returncode': 0}
[56.956409] (turtlebot3_simulations) JobProgress: {'identifier': 'turtlebot3_simulations', 'progress': 'install'}
[56.957651] (turtlebot3_simulations) Command: {'cmd': ['/usr/bin/cmake', '--install', '/home/patrick/ENAE450_tb_ws/build/turtlebot3_simulations'], 'cwd': '/home/patrick/ENAE450_tb_ws/build/turtlebot3_simulations', 'env': OrderedDict([('LESSOPEN', '| /usr/bin/lesspipe %s'), ('USER', 'patrick'), ('XDG_SESSION_TYPE', 'wayland'), ('SHLVL', '1'), ('LD_LIBRARY_PATH', '/usr/lib/x86_64-linux-gnu/gazebo-11/plugins:/opt/ros/humble/opt/rviz_ogre_vendor/lib:/opt/ros/humble/lib/x86_64-linux-gnu:/opt/ros/humble/lib'), ('HOME', '/home/patrick'), ('OLDPWD', '/home/patrick/ENAE450_tb_ws/src'), ('DESKTOP_SESSION', 'ubuntu'), ('ROS_PYTHON_VERSION', '3'), ('GNOME_SHELL_SESSION_MODE', 'ubuntu'), ('GTK_MODULES', 'gail:atk-bridge'), ('SYSTEMD_EXEC_PID', '2684'), ('DBUS_SESSION_BUS_ADDRESS', 'unix:path=/run/user/1000/bus'), ('COLORTERM', 'truecolor'), ('IM_CONFIG_PHASE', '1'), ('WAYLAND_DISPLAY', 'wayland-0'), ('ROS_DISTRO', 'humble'), ('LOGNAME', 'patrick'), ('_', '/usr/bin/colcon'), ('ROS_VERSION', '2'), ('XDG_SESSION_CLASS', 'user'), ('USERNAME', 'patrick'), ('TERM', 'xterm-256color'), ('GNOME_DESKTOP_SESSION_ID', 'this-is-deprecated'), ('ROS_LOCALHOST_ONLY', '0'), ('PATH', '/opt/ros/humble/bin:/usr/local/sbin:/usr/local/bin:/usr/sbin:/usr/bin:/sbin:/bin:/usr/games:/usr/local/games:/snap/bin:/snap/bin'), ('SESSION_MANAGER', 'local/Ubuntu:@/tmp/.ICE-unix/2663,unix/Ubuntu:/tmp/.ICE-unix/2663'), ('XDG_MENU_PREFIX', 'gnome-'), ('GNOME_TERMINAL_SCREEN', '/org/gnome/Terminal/screen/c018a4df_a20a_4872_8584_f1078a2959dc'), ('GNOME_SETUP_DISPLAY', ':1'), ('XDG_RUNTIME_DIR', '/run/user/1000'), ('DISPLAY', ':0'), ('LANG', 'en_US.UTF-8'), ('XDG_CURRENT_DESKTOP', 'ubuntu:GNOME'), ('XMODIFIERS', '@im=ibus'), ('XDG_SESSION_DESKTOP', 'ubuntu'), ('XAUTHORITY', '/run/user/1000/.mutter-Xwaylandauth.9OLL52'), ('LS_COLORS', 'rs=0:di=01;34:ln=01;36:mh=00:pi=40;33:so=01;35:do=01;35:bd=40;33;01:cd=40;33;01:or=40;31;01:mi=00:su=37;41:sg=30;43:ca=30;41:tw=30;42:ow=34;42:st=37;44:ex=01;32:*.tar=01;31:*.tgz=01;31:*.arc=01;31:*.arj=01;31:*.taz=01;31:*.lha=01;31:*.lz4=01;31:*.lzh=01;31:*.lzma=01;31:*.tlz=01;31:*.txz=01;31:*.tzo=01;31:*.t7z=01;31:*.zip=01;31:*.z=01;31:*.dz=01;31:*.gz=01;31:*.lrz=01;31:*.lz=01;31:*.lzo=01;31:*.xz=01;31:*.zst=01;31:*.tzst=01;31:*.bz2=01;31:*.bz=01;31:*.tbz=01;31:*.tbz2=01;31:*.tz=01;31:*.deb=01;31:*.rpm=01;31:*.jar=01;31:*.war=01;31:*.ear=01;31:*.sar=01;31:*.rar=01;31:*.alz=01;31:*.ace=01;31:*.zoo=01;31:*.cpio=01;31:*.7z=01;31:*.rz=01;31:*.cab=01;31:*.wim=01;31:*.swm=01;31:*.dwm=01;31:*.esd=01;31:*.jpg=01;35:*.jpeg=01;35:*.mjpg=01;35:*.mjpeg=01;35:*.gif=01;35:*.bmp=01;35:*.pbm=01;35:*.pgm=01;35:*.ppm=01;35:*.tga=01;35:*.xbm=01;35:*.xpm=01;35:*.tif=01;35:*.tiff=01;35:*.png=01;35:*.svg=01;35:*.svgz=01;35:*.mng=01;35:*.pcx=01;35:*.mov=01;35:*.mpg=01;35:*.mpeg=01;35:*.m2v=01;35:*.mkv=01;35:*.webm=01;35:*.webp=01;35:*.ogm=01;35:*.mp4=01;35:*.m4v=01;35:*.mp4v=01;35:*.vob=01;35:*.qt=01;35:*.nuv=01;35:*.wmv=01;35:*.asf=01;35:*.rm=01;35:*.rmvb=01;35:*.flc=01;35:*.avi=01;35:*.fli=01;35:*.flv=01;35:*.gl=01;35:*.dl=01;35:*.xcf=01;35:*.xwd=01;35:*.yuv=01;35:*.cgm=01;35:*.emf=01;35:*.ogv=01;35:*.ogx=01;35:*.aac=00;36:*.au=00;36:*.flac=00;36:*.m4a=00;36:*.mid=00;36:*.midi=00;36:*.mka=00;36:*.mp3=00;36:*.mpc=00;36:*.ogg=00;36:*.ra=00;36:*.wav=00;36:*.oga=00;36:*.opus=00;36:*.spx=00;36:*.xspf=00;36:'), ('GNOME_TERMINAL_SERVICE', ':1.113'), ('SSH_AGENT_LAUNCHER', 'gnome-keyring'), ('SSH_AUTH_SOCK', '/run/user/1000/keyring/ssh'), ('ROS_DOMAIN_ID', '0'), ('AMENT_PREFIX_PATH', '/home/patrick/ENAE450_tb_ws/install/turtlebot3_gazebo:/home/patrick/ENAE450_tb_ws/install/turtlebot3_fake_node:/opt/ros/humble'), ('SHELL', '/bin/bash'), ('QT_ACCESSIBILITY', '1'), ('GDMSESSION', 'ubuntu'), ('LESSCLOSE', '/usr/bin/lesspipe %s %s'), ('QT_IM_MODULE', 'ibus'), ('PWD', '/home/patrick/ENAE450_tb_ws/build/turtlebot3_simulations'), ('XDG_CONFIG_DIRS', '/etc/xdg/xdg-ubuntu:/etc/xdg'), ('XDG_DATA_DIRS', '/usr/share/ubuntu:/usr/local/share/:/usr/share/:/var/lib/snapd/desktop'), ('PYTHONPATH', '/opt/ros/humble/lib/python3.10/site-packages:/opt/ros/humble/local/lib/python3.10/dist-packages'), ('COLCON', '1'), ('VTE_VERSION', '6800'), ('CMAKE_PREFIX_PATH', '/home/patrick/ENAE450_tb_ws/install/turtlebot3_gazebo:/home/patrick/ENAE450_tb_ws/install/turtlebot3_fake_node:/opt/ros/humble')]), 'shell': False}
[56.972966] (turtlebot3_simulations) StdoutLine: {'line': b'-- Install configuration: ""\n'}
[56.973534] (turtlebot3_simulations) StdoutLine: {'line': b'-- Installing: /home/patrick/ENAE450_tb_ws/install/turtlebot3_simulations/share/ament_index/resource_index/package_run_dependencies/turtlebot3_simulations\n'}
[56.973830] (turtlebot3_simulations) StdoutLine: {'line': b'-- Installing: /home/patrick/ENAE450_tb_ws/install/turtlebot3_simulations/share/ament_index/resource_index/parent_prefix_path/turtlebot3_simulations\n'}
[56.974065] (turtlebot3_simulations) StdoutLine: {'line': b'-- Installing: /home/patrick/ENAE450_tb_ws/install/turtlebot3_simulations/share/turtlebot3_simulations/environment/ament_prefix_path.sh\n'}
[56.974458] (turtlebot3_simulations) StdoutLine: {'line': b'-- Installing: /home/patrick/ENAE450_tb_ws/install/turtlebot3_simulations/share/turtlebot3_simulations/environment/ament_prefix_path.dsv\n'}
[56.974715] (turtlebot3_simulations) StdoutLine: {'line': b'-- Installing: /home/patrick/ENAE450_tb_ws/install/turtlebot3_simulations/share/turtlebot3_simulations/environment/path.sh\n'}
[56.974953] (turtlebot3_simulations) StdoutLine: {'line': b'-- Installing: /home/patrick/ENAE450_tb_ws/install/turtlebot3_simulations/share/turtlebot3_simulations/environment/path.dsv\n'}
[56.975415] (turtlebot3_simulations) StdoutLine: {'line': b'-- Installing: /home/patrick/ENAE450_tb_ws/install/turtlebot3_simulations/share/turtlebot3_simulations/local_setup.bash\n'}
[56.975524] (turtlebot3_simulations) StdoutLine: {'line': b'-- Installing: /home/patrick/ENAE450_tb_ws/install/turtlebot3_simulations/share/turtlebot3_simulations/local_setup.sh\n'}
[56.975746] (turtlebot3_simulations) StdoutLine: {'line': b'-- Installing: /home/patrick/ENAE450_tb_ws/install/turtlebot3_simulations/share/turtlebot3_simulations/local_setup.zsh\n'}
[56.976015] (turtlebot3_simulations) StdoutLine: {'line': b'-- Installing: /home/patrick/ENAE450_tb_ws/install/turtlebot3_simulations/share/turtlebot3_simulations/local_setup.dsv\n'}
[56.976439] (turtlebot3_simulations) StdoutLine: {'line': b'-- Installing: /home/patrick/ENAE450_tb_ws/install/turtlebot3_simulations/share/turtlebot3_simulations/package.dsv\n'}
[56.978225] (turtlebot3_simulations) StdoutLine: {'line': b'-- Installing: /home/patrick/ENAE450_tb_ws/install/turtlebot3_simulations/share/ament_index/resource_index/packages/turtlebot3_simulations\n'}
[56.978309] (turtlebot3_simulations) StdoutLine: {'line': b'-- Installing: /home/patrick/ENAE450_tb_ws/install/turtlebot3_simulations/share/turtlebot3_simulations/cmake/turtlebot3_simulationsConfig.cmake\n'}
[56.978358] (turtlebot3_simulations) StdoutLine: {'line': b'-- Installing: /home/patrick/ENAE450_tb_ws/install/turtlebot3_simulations/share/turtlebot3_simulations/cmake/turtlebot3_simulationsConfig-version.cmake\n'}
[56.978430] (turtlebot3_simulations) StdoutLine: {'line': b'-- Installing: /home/patrick/ENAE450_tb_ws/install/turtlebot3_simulations/share/turtlebot3_simulations/package.xml\n'}
[56.982817] (turtlebot3_simulations) CommandEnded: {'returncode': 0}
[56.998561] (turtlebot3_simulations) JobEnded: {'identifier': 'turtlebot3_simulations', 'rc': 0}
[56.999625] (-) EventReactorShutdown: {}
